store_id,product_id,history_length,zero_demand_days,total_demand,active_days,zero_demand_ratio,mean_daily_demand,sparse_history_flag
S01,P101,31,0,435.0,31,0.0,14.03225806451613,0
S01,P102,31,22,18.0,9,0.7096774193548387,2.0,1
S01,P103,31,0,693.0,31,0.0,22.35483870967742,0
S01,P104,31,4,121.0,27,0.12903225806451613,4.481481481481482,0
S01,P105,31,15,45.0,16,0.4838709677419355,2.8125,0
S01,P106,31,18,31.0,13,0.5806451612903226,2.3846153846153846,0
S01,P107,31,23,16.0,8,0.7419354838709677,2.0,1
S01,P108,31,15,45.0,16,0.4838709677419355,2.8125,0
S01,P109,31,3,203.0,28,0.0967741935483871,7.25,0
S01,P110,31,0,3555.0,31,0.0,114.6774193548387,0
S01,P111,31,3,175.0,28,0.0967741935483871,6.25,0
S01,P112,31,15,44.0,16,0.4838709677419355,2.75,0
S01,P113,31,5,70.0,26,0.16129032258064516,2.6923076923076925,0
S01,P114,31,3,132.0,28,0.0967741935483871,4.714285714285714,0
S01,P115,31,15,35.0,16,0.4838709677419355,2.1875,0
S01,P116,31,3,134.0,28,0.0967741935483871,4.785714285714286,0
S01,P117,31,6,104.0,25,0.1935483870967742,4.16,0
S01,P118,31,6,69.0,25,0.1935483870967742,2.76,0
S01,P119,31,16,45.0,15,0.5161290322580645,3.0,0
S01,P120,31,5,87.0,26,0.16129032258064516,3.3461538461538463,0
S01,P121,31,11,42.0,20,0.3548387096774194,2.1,0
S01,P122,31,1,109.0,30,0.03225806451612903,3.6333333333333333,0
S01,P123,31,0,558.0,31,0.0,18.0,0
S01,P124,31,0,307.0,31,0.0,9.903225806451612,0
S01,P125,31,8,86.0,23,0.25806451612903225,3.739130434782609,0
S01,P126,31,0,328.0,31,0.0,10.580645161290322,0
S01,P127,31,0,746.0,31,0.0,24.06451612903226,0
S01,P128,31,6,85.0,25,0.1935483870967742,3.4,0
S01,P129,31,0,470.0,31,0.0,15.161290322580646,0
S01,P130,31,0,890.0,31,0.0,28.70967741935484,0
S01,P131,31,0,419.0,31,0.0,13.516129032258064,0
S01,P132,31,0,235.0,31,0.0,7.580645161290323,0
S01,P133,31,0,1180.0,31,0.0,38.064516129032256,0
S01,P134,31,0,512.0,31,0.0,16.516129032258064,0
S01,P135,31,0,242.0,31,0.0,7.806451612903226,0
S01,P136,31,20,35.0,11,0.6451612903225806,3.1818181818181817,0
S01,P137,31,0,378.0,31,0.0,12.193548387096774,0
S01,P138,31,1,217.0,30,0.03225806451612903,7.233333333333333,0
S01,P139,31,7,69.0,24,0.22580645161290322,2.875,0
S01,P140,31,7,95.0,24,0.22580645161290322,3.9583333333333335,0
S01,P141,31,2,90.0,29,0.06451612903225806,3.103448275862069,0
S01,P142,31,14,51.0,17,0.45161290322580644,3.0,0
S01,P143,31,2,169.0,29,0.06451612903225806,5.827586206896552,0
S01,P144,31,1,191.0,30,0.03225806451612903,6.366666666666666,0
S01,P145,31,5,132.0,26,0.16129032258064516,5.076923076923077,0
S01,P146,31,0,285.0,31,0.0,9.193548387096774,0
S01,P147,31,0,183.0,31,0.0,5.903225806451613,0
S01,P148,31,10,59.0,21,0.3225806451612903,2.8095238095238093,0
S01,P149,31,5,125.0,26,0.16129032258064516,4.8076923076923075,0
S01,P150,31,12,64.0,19,0.3870967741935484,3.3684210526315788,0
S01,P151,31,9,67.0,22,0.2903225806451613,3.0454545454545454,0
S01,P152,31,0,353.0,31,0.0,11.387096774193548,0
S01,P153,31,0,212.0,31,0.0,6.838709677419355,0
S01,P154,31,7,74.0,24,0.22580645161290322,3.0833333333333335,0
S01,P155,31,1,129.0,30,0.03225806451612903,4.3,0
S01,P156,31,0,362.0,31,0.0,11.67741935483871,0
S01,P157,31,2,175.0,29,0.06451612903225806,6.0344827586206895,0
S01,P158,31,0,823.0,31,0.0,26.548387096774192,0
S01,P159,31,0,772.0,31,0.0,24.903225806451612,0
S01,P160,31,23,14.0,8,0.7419354838709677,1.75,1
S01,P161,31,0,502.0,31,0.0,16.193548387096776,0
S01,P162,31,26,15.0,5,0.8387096774193549,3.0,1
S01,P163,31,0,538.0,31,0.0,17.35483870967742,0
S01,P164,31,4,152.0,27,0.12903225806451613,5.62962962962963,0
S01,P165,31,20,31.0,11,0.6451612903225806,2.8181818181818183,0
S01,P166,31,3,119.0,28,0.0967741935483871,4.25,0
S01,P167,31,18,24.0,13,0.5806451612903226,1.8461538461538463,0
S01,P168,31,11,52.0,20,0.3548387096774194,2.6,0
S01,P169,31,2,244.0,29,0.06451612903225806,8.413793103448276,0
S01,P170,31,15,42.0,16,0.4838709677419355,2.625,0
S01,P171,31,5,136.0,26,0.16129032258064516,5.230769230769231,0
S01,P172,31,8,96.0,23,0.25806451612903225,4.173913043478261,0
S01,P173,31,11,55.0,20,0.3548387096774194,2.75,0
S01,P174,31,16,36.0,15,0.5161290322580645,2.4,0
S01,P175,31,13,55.0,18,0.41935483870967744,3.0555555555555554,0
S01,P176,31,0,670.0,31,0.0,21.612903225806452,0
S01,P177,31,2,112.0,29,0.06451612903225806,3.8620689655172415,0
S01,P178,31,4,106.0,27,0.12903225806451613,3.925925925925926,0
S01,P179,31,21,30.0,10,0.6774193548387096,3.0,0
S01,P180,31,0,396.0,31,0.0,12.774193548387096,0
S01,P181,31,2,151.0,29,0.06451612903225806,5.206896551724138,0
S01,P182,31,10,72.0,21,0.3225806451612903,3.4285714285714284,0
S01,P183,31,0,1452.0,31,0.0,46.83870967741935,0
S01,P184,31,15,44.0,16,0.4838709677419355,2.75,0
S01,P185,31,0,167.0,31,0.0,5.387096774193548,0
S01,P186,31,1,245.0,30,0.03225806451612903,8.166666666666666,0
S01,P187,31,2,225.0,29,0.06451612903225806,7.758620689655173,0
S01,P188,31,0,267.0,31,0.0,8.612903225806452,0
S01,P189,31,7,98.0,24,0.22580645161290322,4.083333333333333,0
S01,P190,31,8,87.0,23,0.25806451612903225,3.782608695652174,0
S01,P191,31,5,130.0,26,0.16129032258064516,5.0,0
S01,P192,31,3,159.0,28,0.0967741935483871,5.678571428571429,0
S01,P193,31,0,256.0,31,0.0,8.258064516129032,0
S01,P194,31,2,195.0,29,0.06451612903225806,6.724137931034483,0
S01,P195,31,0,294.0,31,0.0,9.483870967741936,0
S01,P196,31,3,162.0,28,0.0967741935483871,5.785714285714286,0
S01,P197,31,4,126.0,27,0.12903225806451613,4.666666666666667,0
S01,P198,31,5,142.0,26,0.16129032258064516,5.461538461538462,0
S01,P199,31,0,688.0,31,0.0,22.193548387096776,0
S01,P200,31,0,304.0,31,0.0,9.806451612903226,0
S01,P201,31,0,650.0,31,0.0,20.967741935483872,0
S01,P202,31,24,13.0,7,0.7741935483870968,1.8571428571428572,1
S01,P203,31,20,32.0,11,0.6451612903225806,2.909090909090909,0
S01,P204,31,17,41.0,14,0.5483870967741935,2.9285714285714284,0
S01,P205,31,8,59.0,23,0.25806451612903225,2.5652173913043477,0
S01,P206,31,17,46.0,14,0.5483870967741935,3.2857142857142856,0
S01,P207,31,22,12.0,9,0.7096774193548387,1.3333333333333333,1
S01,P208,31,11,50.0,20,0.3548387096774194,2.5,0
S01,P209,31,17,36.0,14,0.5483870967741935,2.5714285714285716,0
S01,P210,31,22,17.0,9,0.7096774193548387,1.8888888888888888,1
S01,P211,31,1,239.0,30,0.03225806451612903,7.966666666666667,0
S01,P212,31,0,351.0,31,0.0,11.32258064516129,0
S01,P213,31,0,321.0,31,0.0,10.35483870967742,0
S01,P214,31,12,60.0,19,0.3870967741935484,3.1578947368421053,0
S01,P215,31,1,180.0,30,0.03225806451612903,6.0,0
S01,P216,31,6,82.0,25,0.1935483870967742,3.28,0
S01,P217,31,6,61.0,25,0.1935483870967742,2.44,0
S01,P218,31,0,171.0,31,0.0,5.516129032258065,0
S01,P219,31,13,59.0,18,0.41935483870967744,3.2777777777777777,0
S01,P220,31,19,25.0,12,0.6129032258064516,2.0833333333333335,0
S02,P101,31,0,423.0,31,0.0,13.64516129032258,0
S02,P102,31,27,6.0,4,0.8709677419354839,1.5,1
S02,P103,31,0,698.0,31,0.0,22.516129032258064,0
S02,P104,31,7,103.0,24,0.22580645161290322,4.291666666666667,0
S02,P105,31,16,38.0,15,0.5161290322580645,2.533333333333333,0
S02,P106,31,19,30.0,12,0.6129032258064516,2.5,0
S02,P107,31,27,8.0,4,0.8709677419354839,2.0,1
S02,P108,31,20,28.0,11,0.6451612903225806,2.5454545454545454,0
S02,P109,31,0,186.0,31,0.0,6.0,0
S02,P110,31,0,3778.0,31,0.0,121.87096774193549,0
S02,P111,31,1,217.0,30,0.03225806451612903,7.233333333333333,0
S02,P112,31,10,53.0,21,0.3225806451612903,2.5238095238095237,0
S02,P113,31,4,81.0,27,0.12903225806451613,3.0,0
S02,P114,31,3,108.0,28,0.0967741935483871,3.857142857142857,0
S02,P115,31,19,26.0,12,0.6129032258064516,2.1666666666666665,0
S02,P116,31,3,141.0,28,0.0967741935483871,5.035714285714286,0
S02,P117,31,3,99.0,28,0.0967741935483871,3.5357142857142856,0
S02,P118,31,3,109.0,28,0.0967741935483871,3.892857142857143,0
S02,P119,31,8,81.0,23,0.25806451612903225,3.5217391304347827,0
S02,P120,31,2,80.0,29,0.06451612903225806,2.7586206896551726,0
S02,P121,31,9,54.0,22,0.2903225806451613,2.4545454545454546,0
S02,P122,31,5,97.0,26,0.16129032258064516,3.730769230769231,0
S02,P123,31,0,544.0,31,0.0,17.548387096774192,0
S02,P124,31,0,311.0,31,0.0,10.03225806451613,0
S02,P125,31,13,54.0,18,0.41935483870967744,3.0,0
S02,P126,31,0,354.0,31,0.0,11.419354838709678,0
S02,P127,31,0,774.0,31,0.0,24.967741935483872,0
S02,P128,31,5,117.0,26,0.16129032258064516,4.5,0
S02,P129,31,0,514.0,31,0.0,16.580645161290324,0
S02,P130,31,0,897.0,31,0.0,28.93548387096774,0
S02,P131,31,0,548.0,31,0.0,17.677419354838708,0
S02,P132,31,0,259.0,31,0.0,8.35483870967742,0
S02,P133,31,0,1045.0,31,0.0,33.70967741935484,0
S02,P134,31,0,393.0,31,0.0,12.67741935483871,0
S02,P135,31,1,244.0,30,0.03225806451612903,8.133333333333333,0
S02,P136,31,21,21.0,10,0.6774193548387096,2.1,0
S02,P137,31,0,407.0,31,0.0,13.129032258064516,0
S02,P138,31,0,227.0,31,0.0,7.32258064516129,0
S02,P139,31,7,65.0,24,0.22580645161290322,2.7083333333333335,0
S02,P140,31,3,134.0,28,0.0967741935483871,4.785714285714286,0
S02,P141,31,1,129.0,30,0.03225806451612903,4.3,0
S02,P142,31,9,76.0,22,0.2903225806451613,3.4545454545454546,0
S02,P143,31,0,222.0,31,0.0,7.161290322580645,0
S02,P144,31,3,179.0,28,0.0967741935483871,6.392857142857143,0
S02,P145,31,8,90.0,23,0.25806451612903225,3.9130434782608696,0
S02,P146,31,0,272.0,31,0.0,8.774193548387096,0
S02,P147,31,1,179.0,30,0.03225806451612903,5.966666666666667,0
S02,P148,31,18,31.0,13,0.5806451612903226,2.3846153846153846,0
S02,P149,31,6,114.0,25,0.1935483870967742,4.56,0
S02,P150,31,12,61.0,19,0.3870967741935484,3.210526315789474,0
S02,P151,31,13,57.0,18,0.41935483870967744,3.1666666666666665,0
S02,P152,31,0,314.0,31,0.0,10.129032258064516,0
S02,P153,31,0,312.0,31,0.0,10.064516129032258,0
S02,P154,31,3,105.0,28,0.0967741935483871,3.75,0
S02,P155,31,0,157.0,31,0.0,5.064516129032258,0
S02,P156,31,0,339.0,31,0.0,10.935483870967742,0
S02,P157,31,1,197.0,30,0.03225806451612903,6.566666666666666,0
S02,P158,31,0,704.0,31,0.0,22.70967741935484,0
S02,P159,31,0,885.0,31,0.0,28.548387096774192,0
S02,P160,31,22,16.0,9,0.7096774193548387,1.7777777777777777,1
S02,P161,31,0,488.0,31,0.0,15.741935483870968,0
S02,P162,31,30,3.0,1,0.967741935483871,3.0,1
S02,P163,31,0,632.0,31,0.0,20.387096774193548,0
S02,P164,31,7,99.0,24,0.22580645161290322,4.125,0
S02,P165,31,22,25.0,9,0.7096774193548387,2.7777777777777777,1
S02,P166,31,1,189.0,30,0.03225806451612903,6.3,0
S02,P167,31,18,36.0,13,0.5806451612903226,2.769230769230769,0
S02,P168,31,10,58.0,21,0.3225806451612903,2.761904761904762,0
S02,P169,31,0,248.0,31,0.0,8.0,0
S02,P170,31,22,17.0,9,0.7096774193548387,1.8888888888888888,1
S02,P171,31,1,176.0,30,0.03225806451612903,5.866666666666666,0
S02,P172,31,3,104.0,28,0.0967741935483871,3.7142857142857144,0
S02,P173,31,19,29.0,12,0.6129032258064516,2.4166666666666665,0
S02,P174,31,20,30.0,11,0.6451612903225806,2.727272727272727,0
S02,P175,31,16,48.0,15,0.5161290322580645,3.2,0
S02,P176,31,0,765.0,31,0.0,24.677419354838708,0
S02,P177,31,3,122.0,28,0.0967741935483871,4.357142857142857,0
S02,P178,31,3,131.0,28,0.0967741935483871,4.678571428571429,0
S02,P179,31,22,19.0,9,0.7096774193548387,2.111111111111111,1
S02,P180,31,0,391.0,31,0.0,12.612903225806452,0
S02,P181,31,3,160.0,28,0.0967741935483871,5.714285714285714,0
S02,P182,31,13,40.0,18,0.41935483870967744,2.2222222222222223,0
S02,P183,31,0,1429.0,31,0.0,46.096774193548384,0
S02,P184,31,16,49.0,15,0.5161290322580645,3.2666666666666666,0
S02,P185,31,3,140.0,28,0.0967741935483871,5.0,0
S02,P186,31,0,279.0,31,0.0,9.0,0
S02,P187,31,0,208.0,31,0.0,6.709677419354839,0
S02,P188,31,0,385.0,31,0.0,12.419354838709678,0
S02,P189,31,7,85.0,24,0.22580645161290322,3.5416666666666665,0
S02,P190,31,10,87.0,21,0.3225806451612903,4.142857142857143,0
S02,P191,31,2,172.0,29,0.06451612903225806,5.931034482758621,0
S02,P192,31,2,171.0,29,0.06451612903225806,5.896551724137931,0
S02,P193,31,0,278.0,31,0.0,8.96774193548387,0
S02,P194,31,2,140.0,29,0.06451612903225806,4.827586206896552,0
S02,P195,31,0,363.0,31,0.0,11.709677419354838,0
S02,P196,31,2,175.0,29,0.06451612903225806,6.0344827586206895,0
S02,P197,31,4,153.0,27,0.12903225806451613,5.666666666666667,0
S02,P198,31,5,131.0,26,0.16129032258064516,5.038461538461538,0
S02,P199,31,0,668.0,31,0.0,21.548387096774192,0
S02,P200,31,0,337.0,31,0.0,10.870967741935484,0
S02,P201,31,0,656.0,31,0.0,21.161290322580644,0
S02,P202,31,23,14.0,8,0.7419354838709677,1.75,1
S02,P203,31,19,34.0,12,0.6129032258064516,2.8333333333333335,0
S02,P204,31,16,30.0,15,0.5161290322580645,2.0,0
S02,P205,31,10,66.0,21,0.3225806451612903,3.142857142857143,0
S02,P206,31,15,38.0,16,0.4838709677419355,2.375,0
S02,P207,31,27,5.0,4,0.8709677419354839,1.25,1
S02,P208,31,9,62.0,22,0.2903225806451613,2.8181818181818183,0
S02,P209,31,10,62.0,21,0.3225806451612903,2.9523809523809526,0
S02,P210,31,25,15.0,6,0.8064516129032258,2.5,1
S02,P211,31,1,239.0,30,0.03225806451612903,7.966666666666667,0
S02,P212,31,1,348.0,30,0.03225806451612903,11.6,0
S02,P213,31,0,342.0,31,0.0,11.03225806451613,0
S02,P214,31,12,45.0,19,0.3870967741935484,2.3684210526315788,0
S02,P215,31,2,245.0,29,0.06451612903225806,8.448275862068966,0
S02,P216,31,3,116.0,28,0.0967741935483871,4.142857142857143,0
S02,P217,31,7,72.0,24,0.22580645161290322,3.0,0
S02,P218,31,3,170.0,28,0.0967741935483871,6.071428571428571,0
S02,P219,31,12,57.0,19,0.3870967741935484,3.0,0
S02,P220,31,17,45.0,14,0.5483870967741935,3.2142857142857144,0
S03,P101,31,0,427.0,31,0.0,13.774193548387096,0
S03,P102,31,23,16.0,8,0.7419354838709677,2.0,1
S03,P103,31,0,768.0,31,0.0,24.774193548387096,0
S03,P104,31,4,117.0,27,0.12903225806451613,4.333333333333333,0
S03,P105,31,16,44.0,15,0.5161290322580645,2.933333333333333,0
S03,P106,31,14,36.0,17,0.45161290322580644,2.1176470588235294,0
S03,P107,31,26,14.0,5,0.8387096774193549,2.8,1
S03,P108,31,20,21.0,11,0.6451612903225806,1.9090909090909092,0
S03,P109,31,2,148.0,29,0.06451612903225806,5.103448275862069,0
S03,P110,31,0,3542.0,31,0.0,114.25806451612904,0
S03,P111,31,0,197.0,31,0.0,6.354838709677419,0
S03,P112,31,8,64.0,23,0.25806451612903225,2.782608695652174,0
S03,P113,31,8,75.0,23,0.25806451612903225,3.260869565217391,0
S03,P114,31,0,188.0,31,0.0,6.064516129032258,0
S03,P115,31,16,29.0,15,0.5161290322580645,1.9333333333333333,0
S03,P116,31,0,138.0,31,0.0,4.451612903225806,0
S03,P117,31,8,95.0,23,0.25806451612903225,4.130434782608695,0
S03,P118,31,10,72.0,21,0.3225806451612903,3.4285714285714284,0
S03,P119,31,11,70.0,20,0.3548387096774194,3.5,0
S03,P120,31,6,73.0,25,0.1935483870967742,2.92,0
S03,P121,31,12,45.0,19,0.3870967741935484,2.3684210526315788,0
S03,P122,31,6,108.0,25,0.1935483870967742,4.32,0
S03,P123,31,0,530.0,31,0.0,17.096774193548388,0
S03,P124,31,0,268.0,31,0.0,8.64516129032258,0
S03,P125,31,11,45.0,20,0.3548387096774194,2.25,0
S03,P126,31,0,303.0,31,0.0,9.774193548387096,0
S03,P127,31,0,662.0,31,0.0,21.35483870967742,0
S03,P128,31,5,115.0,26,0.16129032258064516,4.423076923076923,0
S03,P129,31,0,422.0,31,0.0,13.612903225806452,0
S03,P130,31,0,806.0,31,0.0,26.0,0
S03,P131,31,0,398.0,31,0.0,12.838709677419354,0
S03,P132,31,1,243.0,30,0.03225806451612903,8.1,0
S03,P133,31,0,1237.0,31,0.0,39.903225806451616,0
S03,P134,31,0,427.0,31,0.0,13.774193548387096,0
S03,P135,31,1,238.0,30,0.03225806451612903,7.933333333333334,0
S03,P136,31,20,24.0,11,0.6451612903225806,2.1818181818181817,0
S03,P137,31,0,365.0,31,0.0,11.774193548387096,0
S03,P138,31,1,186.0,30,0.03225806451612903,6.2,0
S03,P139,31,13,48.0,18,0.41935483870967744,2.6666666666666665,0
S03,P140,31,3,119.0,28,0.0967741935483871,4.25,0
S03,P141,31,7,110.0,24,0.22580645161290322,4.583333333333333,0
S03,P142,31,16,52.0,15,0.5161290322580645,3.466666666666667,0
S03,P143,31,0,235.0,31,0.0,7.580645161290323,0
S03,P144,31,2,177.0,29,0.06451612903225806,6.103448275862069,0
S03,P145,31,5,97.0,26,0.16129032258064516,3.730769230769231,0
S03,P146,31,1,284.0,30,0.03225806451612903,9.466666666666667,0
S03,P147,31,4,141.0,27,0.12903225806451613,5.222222222222222,0
S03,P148,31,13,48.0,18,0.41935483870967744,2.6666666666666665,0
S03,P149,31,2,114.0,29,0.06451612903225806,3.9310344827586206,0
S03,P150,31,9,77.0,22,0.2903225806451613,3.5,0
S03,P151,31,7,79.0,24,0.22580645161290322,3.2916666666666665,0
S03,P152,31,0,300.0,31,0.0,9.67741935483871,0
S03,P153,31,3,200.0,28,0.0967741935483871,7.142857142857143,0
S03,P154,31,6,85.0,25,0.1935483870967742,3.4,0
S03,P155,31,3,137.0,28,0.0967741935483871,4.892857142857143,0
S03,P156,31,0,387.0,31,0.0,12.483870967741936,0
S03,P157,31,3,201.0,28,0.0967741935483871,7.178571428571429,0
S03,P158,31,0,634.0,31,0.0,20.451612903225808,0
S03,P159,31,0,837.0,31,0.0,27.0,0
S03,P160,31,25,11.0,6,0.8064516129032258,1.8333333333333333,1
S03,P161,31,0,524.0,31,0.0,16.903225806451612,0
S03,P162,31,27,7.0,4,0.8709677419354839,1.75,1
S03,P163,31,0,519.0,31,0.0,16.741935483870968,0
S03,P164,31,4,122.0,27,0.12903225806451613,4.518518518518518,0
S03,P165,31,19,28.0,12,0.6129032258064516,2.3333333333333335,0
S03,P166,31,1,175.0,30,0.03225806451612903,5.833333333333333,0
S03,P167,31,17,30.0,14,0.5483870967741935,2.142857142857143,0
S03,P168,31,17,51.0,14,0.5483870967741935,3.642857142857143,0
S03,P169,31,1,257.0,30,0.03225806451612903,8.566666666666666,0
S03,P170,31,20,34.0,11,0.6451612903225806,3.090909090909091,0
S03,P171,31,3,148.0,28,0.0967741935483871,5.285714285714286,0
S03,P172,31,4,102.0,27,0.12903225806451613,3.7777777777777777,0
S03,P173,31,19,25.0,12,0.6129032258064516,2.0833333333333335,0
S03,P174,31,14,36.0,17,0.45161290322580644,2.1176470588235294,0
S03,P175,31,13,53.0,18,0.41935483870967744,2.9444444444444446,0
S03,P176,31,0,746.0,31,0.0,24.06451612903226,0
S03,P177,31,4,127.0,27,0.12903225806451613,4.703703703703703,0
S03,P178,31,7,96.0,24,0.22580645161290322,4.0,0
S03,P179,31,20,27.0,11,0.6451612903225806,2.4545454545454546,0
S03,P180,31,1,384.0,30,0.03225806451612903,12.8,0
S03,P181,31,1,193.0,30,0.03225806451612903,6.433333333333334,0
S03,P182,31,10,65.0,21,0.3225806451612903,3.0952380952380953,0
S03,P183,31,0,1489.0,31,0.0,48.03225806451613,0
S03,P184,31,15,48.0,16,0.4838709677419355,3.0,0
S03,P185,31,5,156.0,26,0.16129032258064516,6.0,0
S03,P186,31,0,309.0,31,0.0,9.96774193548387,0
S03,P187,31,1,184.0,30,0.03225806451612903,6.133333333333334,0
S03,P188,31,0,453.0,31,0.0,14.612903225806452,0
S03,P189,31,5,66.0,26,0.16129032258064516,2.5384615384615383,0
S03,P190,31,9,67.0,22,0.2903225806451613,3.0454545454545454,0
S03,P191,31,0,169.0,31,0.0,5.451612903225806,0
S03,P192,31,0,130.0,31,0.0,4.193548387096774,0
S03,P193,31,0,266.0,31,0.0,8.580645161290322,0
S03,P194,31,0,160.0,31,0.0,5.161290322580645,0
S03,P195,31,0,264.0,31,0.0,8.516129032258064,0
S03,P196,31,2,112.0,29,0.06451612903225806,3.8620689655172415,0
S03,P197,31,7,107.0,24,0.22580645161290322,4.458333333333333,0
S03,P198,31,4,167.0,27,0.12903225806451613,6.185185185185185,0
S03,P199,31,0,576.0,31,0.0,18.580645161290324,0
S03,P200,31,0,369.0,31,0.0,11.903225806451612,0
S03,P201,31,0,648.0,31,0.0,20.903225806451612,0
S03,P202,31,30,1.0,1,0.967741935483871,1.0,1
S03,P203,31,23,13.0,8,0.7419354838709677,1.625,1
S03,P204,31,20,20.0,11,0.6451612903225806,1.8181818181818181,0
S03,P205,31,15,39.0,16,0.4838709677419355,2.4375,0
S03,P206,31,15,46.0,16,0.4838709677419355,2.875,0
S03,P207,31,23,22.0,8,0.7419354838709677,2.75,1
S03,P208,31,15,51.0,16,0.4838709677419355,3.1875,0
S03,P209,31,12,40.0,19,0.3870967741935484,2.1052631578947367,0
S03,P210,31,17,44.0,14,0.5483870967741935,3.142857142857143,0
S03,P211,31,0,258.0,31,0.0,8.32258064516129,0
S03,P212,31,0,352.0,31,0.0,11.35483870967742,0
S03,P213,31,0,299.0,31,0.0,9.64516129032258,0
S03,P214,31,14,69.0,17,0.45161290322580644,4.0588235294117645,0
S03,P215,31,0,213.0,31,0.0,6.870967741935484,0
S03,P216,31,4,96.0,27,0.12903225806451613,3.5555555555555554,0
S03,P217,31,10,63.0,21,0.3225806451612903,3.0,0
S03,P218,31,2,159.0,29,0.06451612903225806,5.482758620689655,0
S03,P219,31,21,28.0,10,0.6774193548387096,2.8,0
S03,P220,31,12,46.0,19,0.3870967741935484,2.4210526315789473,0
S04,P101,31,0,388.0,31,0.0,12.516129032258064,0
S04,P102,31,23,16.0,8,0.7419354838709677,2.0,1
S04,P103,31,0,769.0,31,0.0,24.806451612903224,0
S04,P104,31,7,120.0,24,0.22580645161290322,5.0,0
S04,P105,31,7,67.0,24,0.22580645161290322,2.7916666666666665,0
S04,P106,31,19,28.0,12,0.6129032258064516,2.3333333333333335,0
S04,P107,31,24,15.0,7,0.7741935483870968,2.142857142857143,1
S04,P108,31,16,40.0,15,0.5161290322580645,2.6666666666666665,0
S04,P109,31,2,184.0,29,0.06451612903225806,6.344827586206897,0
S04,P110,31,0,3573.0,31,0.0,115.25806451612904,0
S04,P111,31,0,230.0,31,0.0,7.419354838709677,0
S04,P112,31,9,58.0,22,0.2903225806451613,2.6363636363636362,0
S04,P113,31,6,105.0,25,0.1935483870967742,4.2,0
S04,P114,31,3,114.0,28,0.0967741935483871,4.071428571428571,0
S04,P115,31,21,31.0,10,0.6774193548387096,3.1,0
S04,P116,31,4,108.0,27,0.12903225806451613,4.0,0
S04,P117,31,5,90.0,26,0.16129032258064516,3.4615384615384617,0
S04,P118,31,10,64.0,21,0.3225806451612903,3.0476190476190474,0
S04,P119,31,8,75.0,23,0.25806451612903225,3.260869565217391,0
S04,P120,31,7,84.0,24,0.22580645161290322,3.5,0
S04,P121,31,15,49.0,16,0.4838709677419355,3.0625,0
S04,P122,31,3,97.0,28,0.0967741935483871,3.4642857142857144,0
S04,P123,31,0,562.0,31,0.0,18.129032258064516,0
S04,P124,31,1,277.0,30,0.03225806451612903,9.233333333333333,0
S04,P125,31,11,73.0,20,0.3548387096774194,3.65,0
S04,P126,31,2,291.0,29,0.06451612903225806,10.03448275862069,0
S04,P127,31,0,726.0,31,0.0,23.419354838709676,0
S04,P128,31,9,112.0,22,0.2903225806451613,5.090909090909091,0
S04,P129,31,0,490.0,31,0.0,15.806451612903226,0
S04,P130,31,0,854.0,31,0.0,27.548387096774192,0
S04,P131,31,0,491.0,31,0.0,15.838709677419354,0
S04,P132,31,0,225.0,31,0.0,7.258064516129032,0
S04,P133,31,0,1188.0,31,0.0,38.32258064516129,0
S04,P134,31,0,423.0,31,0.0,13.64516129032258,0
S04,P135,31,1,209.0,30,0.03225806451612903,6.966666666666667,0
S04,P136,31,24,24.0,7,0.7741935483870968,3.4285714285714284,1
S04,P137,31,0,361.0,31,0.0,11.64516129032258,0
S04,P138,31,0,234.0,31,0.0,7.548387096774194,0
S04,P139,31,7,83.0,24,0.22580645161290322,3.4583333333333335,0
S04,P140,31,6,106.0,25,0.1935483870967742,4.24,0
S04,P141,31,7,103.0,24,0.22580645161290322,4.291666666666667,0
S04,P142,31,11,54.0,20,0.3548387096774194,2.7,0
S04,P143,31,1,249.0,30,0.03225806451612903,8.3,0
S04,P144,31,0,171.0,31,0.0,5.516129032258065,0
S04,P145,31,4,107.0,27,0.12903225806451613,3.962962962962963,0
S04,P146,31,0,321.0,31,0.0,10.35483870967742,0
S04,P147,31,4,141.0,27,0.12903225806451613,5.222222222222222,0
S04,P148,31,12,54.0,19,0.3870967741935484,2.8421052631578947,0
S04,P149,31,2,131.0,29,0.06451612903225806,4.517241379310345,0
S04,P150,31,10,64.0,21,0.3225806451612903,3.0476190476190474,0
S04,P151,31,9,74.0,22,0.2903225806451613,3.3636363636363638,0
S04,P152,31,0,267.0,31,0.0,8.612903225806452,0
S04,P153,31,3,247.0,28,0.0967741935483871,8.821428571428571,0
S04,P154,31,10,63.0,21,0.3225806451612903,3.0,0
S04,P155,31,2,136.0,29,0.06451612903225806,4.689655172413793,0
S04,P156,31,0,373.0,31,0.0,12.03225806451613,0
S04,P157,31,0,221.0,31,0.0,7.129032258064516,0
S04,P158,31,0,683.0,31,0.0,22.032258064516128,0
S04,P159,31,0,821.0,31,0.0,26.483870967741936,0
S04,P160,31,20,28.0,11,0.6451612903225806,2.5454545454545454,0
S04,P161,31,0,500.0,31,0.0,16.129032258064516,0
S04,P162,31,31,0.0,0,1.0,,1
S04,P163,31,0,614.0,31,0.0,19.806451612903224,0
S04,P164,31,7,132.0,24,0.22580645161290322,5.5,0
S04,P165,31,21,19.0,10,0.6774193548387096,1.9,0
S04,P166,31,4,149.0,27,0.12903225806451613,5.518518518518518,0
S04,P167,31,12,36.0,19,0.3870967741935484,1.894736842105263,0
S04,P168,31,10,65.0,21,0.3225806451612903,3.0952380952380953,0
S04,P169,31,1,180.0,30,0.03225806451612903,6.0,0
S04,P170,31,15,44.0,16,0.4838709677419355,2.75,0
S04,P171,31,0,155.0,31,0.0,5.0,0
S04,P172,31,3,131.0,28,0.0967741935483871,4.678571428571429,0
S04,P173,31,15,46.0,16,0.4838709677419355,2.875,0
S04,P174,31,17,42.0,14,0.5483870967741935,3.0,0
S04,P175,31,14,48.0,17,0.45161290322580644,2.823529411764706,0
S04,P176,31,0,815.0,31,0.0,26.29032258064516,0
S04,P177,31,3,146.0,28,0.0967741935483871,5.214285714285714,0
S04,P178,31,6,62.0,25,0.1935483870967742,2.48,0
S04,P179,31,11,50.0,20,0.3548387096774194,2.5,0
S04,P180,31,0,381.0,31,0.0,12.290322580645162,0
S04,P181,31,1,153.0,30,0.03225806451612903,5.1,0
S04,P182,31,9,86.0,22,0.2903225806451613,3.909090909090909,0
S04,P183,31,0,1537.0,31,0.0,49.58064516129032,0
S04,P184,31,15,28.0,16,0.4838709677419355,1.75,0
S04,P185,31,7,95.0,24,0.22580645161290322,3.9583333333333335,0
S04,P186,31,1,270.0,30,0.03225806451612903,9.0,0
S04,P187,31,1,179.0,30,0.03225806451612903,5.966666666666667,0
S04,P188,31,0,381.0,31,0.0,12.290322580645162,0
S04,P189,31,10,92.0,21,0.3225806451612903,4.380952380952381,0
S04,P190,31,7,92.0,24,0.22580645161290322,3.8333333333333335,0
S04,P191,31,3,147.0,28,0.0967741935483871,5.25,0
S04,P192,31,2,167.0,29,0.06451612903225806,5.758620689655173,0
S04,P193,31,0,230.0,31,0.0,7.419354838709677,0
S04,P194,31,0,149.0,31,0.0,4.806451612903226,0
S04,P195,31,0,324.0,31,0.0,10.451612903225806,0
S04,P196,31,3,110.0,28,0.0967741935483871,3.9285714285714284,0
S04,P197,31,6,95.0,25,0.1935483870967742,3.8,0
S04,P198,31,5,118.0,26,0.16129032258064516,4.538461538461538,0
S04,P199,31,0,677.0,31,0.0,21.838709677419356,0
S04,P200,31,0,326.0,31,0.0,10.516129032258064,0
S04,P201,31,0,651.0,31,0.0,21.0,0
S04,P202,31,22,20.0,9,0.7096774193548387,2.2222222222222223,1
S04,P203,31,21,28.0,10,0.6774193548387096,2.8,0
S04,P204,31,17,32.0,14,0.5483870967741935,2.2857142857142856,0
S04,P205,31,12,53.0,19,0.3870967741935484,2.789473684210526,0
S04,P206,31,15,45.0,16,0.4838709677419355,2.8125,0
S04,P207,31,25,14.0,6,0.8064516129032258,2.3333333333333335,1
S04,P208,31,12,59.0,19,0.3870967741935484,3.1052631578947367,0
S04,P209,31,16,43.0,15,0.5161290322580645,2.8666666666666667,0
S04,P210,31,17,42.0,14,0.5483870967741935,3.0,0
S04,P211,31,1,255.0,30,0.03225806451612903,8.5,0
S04,P212,31,0,331.0,31,0.0,10.67741935483871,0
S04,P213,31,2,318.0,29,0.06451612903225806,10.96551724137931,0
S04,P214,31,12,61.0,19,0.3870967741935484,3.210526315789474,0
S04,P215,31,1,170.0,30,0.03225806451612903,5.666666666666667,0
S04,P216,31,4,114.0,27,0.12903225806451613,4.222222222222222,0
S04,P217,31,10,92.0,21,0.3225806451612903,4.380952380952381,0
S04,P218,31,2,146.0,29,0.06451612903225806,5.0344827586206895,0
S04,P219,31,18,46.0,13,0.5806451612903226,3.5384615384615383,0
S04,P220,31,22,22.0,9,0.7096774193548387,2.4444444444444446,1
S05,P101,31,0,387.0,31,0.0,12.483870967741936,0
S05,P102,31,19,38.0,12,0.6129032258064516,3.1666666666666665,0
S05,P103,31,0,745.0,31,0.0,24.032258064516128,0
S05,P104,31,1,139.0,30,0.03225806451612903,4.633333333333334,0
S05,P105,31,5,73.0,26,0.16129032258064516,2.8076923076923075,0
S05,P106,31,20,35.0,11,0.6451612903225806,3.1818181818181817,0
S05,P107,31,23,21.0,8,0.7419354838709677,2.625,1
S05,P108,31,13,55.0,18,0.41935483870967744,3.0555555555555554,0
S05,P109,31,1,175.0,30,0.03225806451612903,5.833333333333333,0
S05,P110,31,0,3524.0,31,0.0,113.6774193548387,0
S05,P111,31,0,214.0,31,0.0,6.903225806451613,0
S05,P112,31,16,39.0,15,0.5161290322580645,2.6,0
S05,P113,31,9,68.0,22,0.2903225806451613,3.090909090909091,0
S05,P114,31,3,111.0,28,0.0967741935483871,3.9642857142857144,0
S05,P115,31,18,39.0,13,0.5806451612903226,3.0,0
S05,P116,31,4,128.0,27,0.12903225806451613,4.7407407407407405,0
S05,P117,31,7,92.0,24,0.22580645161290322,3.8333333333333335,0
S05,P118,31,13,51.0,18,0.41935483870967744,2.8333333333333335,0
S05,P119,31,10,73.0,21,0.3225806451612903,3.4761904761904763,0
S05,P120,31,10,68.0,21,0.3225806451612903,3.238095238095238,0
S05,P121,31,15,54.0,16,0.4838709677419355,3.375,0
S05,P122,31,2,130.0,29,0.06451612903225806,4.482758620689655,0
S05,P123,31,0,495.0,31,0.0,15.96774193548387,0
S05,P124,31,0,339.0,31,0.0,10.935483870967742,0
S05,P125,31,6,68.0,25,0.1935483870967742,2.72,0
S05,P126,31,0,310.0,31,0.0,10.0,0
S05,P127,31,0,738.0,31,0.0,23.806451612903224,0
S05,P128,31,8,111.0,23,0.25806451612903225,4.826086956521739,0
S05,P129,31,0,545.0,31,0.0,17.580645161290324,0
S05,P130,31,0,953.0,31,0.0,30.741935483870968,0
S05,P131,31,0,494.0,31,0.0,15.935483870967742,0
S05,P132,31,2,239.0,29,0.06451612903225806,8.241379310344827,0
S05,P133,31,0,1203.0,31,0.0,38.806451612903224,0
S05,P134,31,0,461.0,31,0.0,14.870967741935484,0
S05,P135,31,1,222.0,30,0.03225806451612903,7.4,0
S05,P136,31,22,17.0,9,0.7096774193548387,1.8888888888888888,1
S05,P137,31,0,397.0,31,0.0,12.806451612903226,0
S05,P138,31,3,193.0,28,0.0967741935483871,6.892857142857143,0
S05,P139,31,13,61.0,18,0.41935483870967744,3.388888888888889,0
S05,P140,31,3,110.0,28,0.0967741935483871,3.9285714285714284,0
S05,P141,31,10,75.0,21,0.3225806451612903,3.5714285714285716,0
S05,P142,31,12,57.0,19,0.3870967741935484,3.0,0
S05,P143,31,1,243.0,30,0.03225806451612903,8.1,0
S05,P144,31,3,180.0,28,0.0967741935483871,6.428571428571429,0
S05,P145,31,5,132.0,26,0.16129032258064516,5.076923076923077,0
S05,P146,31,0,263.0,31,0.0,8.483870967741936,0
S05,P147,31,0,159.0,31,0.0,5.129032258064516,0
S05,P148,31,13,42.0,18,0.41935483870967744,2.3333333333333335,0
S05,P149,31,2,134.0,29,0.06451612903225806,4.620689655172414,0
S05,P150,31,4,76.0,27,0.12903225806451613,2.814814814814815,0
S05,P151,31,8,54.0,23,0.25806451612903225,2.347826086956522,0
S05,P152,31,1,325.0,30,0.03225806451612903,10.833333333333334,0
S05,P153,31,0,251.0,31,0.0,8.096774193548388,0
S05,P154,31,4,99.0,27,0.12903225806451613,3.6666666666666665,0
S05,P155,31,1,129.0,30,0.03225806451612903,4.3,0
S05,P156,31,0,501.0,31,0.0,16.161290322580644,0
S05,P157,31,2,204.0,29,0.06451612903225806,7.0344827586206895,0
S05,P158,31,0,779.0,31,0.0,25.129032258064516,0
S05,P159,31,0,857.0,31,0.0,27.64516129032258,0
S05,P160,31,22,27.0,9,0.7096774193548387,3.0,1
S05,P161,31,0,515.0,31,0.0,16.612903225806452,0
S05,P162,31,28,5.0,3,0.9032258064516129,1.6666666666666667,1
S05,P163,31,0,551.0,31,0.0,17.774193548387096,0
S05,P164,31,5,112.0,26,0.16129032258064516,4.3076923076923075,0
S05,P165,31,21,35.0,10,0.6774193548387096,3.5,0
S05,P166,31,3,163.0,28,0.0967741935483871,5.821428571428571,0
S05,P167,31,18,39.0,13,0.5806451612903226,3.0,0
S05,P168,31,12,52.0,19,0.3870967741935484,2.736842105263158,0
S05,P169,31,0,212.0,31,0.0,6.838709677419355,0
S05,P170,31,17,27.0,14,0.5483870967741935,1.9285714285714286,0
S05,P171,31,3,155.0,28,0.0967741935483871,5.535714285714286,0
S05,P172,31,1,143.0,30,0.03225806451612903,4.766666666666667,0
S05,P173,31,15,53.0,16,0.4838709677419355,3.3125,0
S05,P174,31,20,23.0,11,0.6451612903225806,2.090909090909091,0
S05,P175,31,7,86.0,24,0.22580645161290322,3.5833333333333335,0
S05,P176,31,0,814.0,31,0.0,26.258064516129032,0
S05,P177,31,5,125.0,26,0.16129032258064516,4.8076923076923075,0
S05,P178,31,5,116.0,26,0.16129032258064516,4.461538461538462,0
S05,P179,31,17,38.0,14,0.5483870967741935,2.7142857142857144,0
S05,P180,31,0,410.0,31,0.0,13.225806451612904,0
S05,P181,31,1,148.0,30,0.03225806451612903,4.933333333333334,0
S05,P182,31,11,60.0,20,0.3548387096774194,3.0,0
S05,P183,31,0,1602.0,31,0.0,51.67741935483871,0
S05,P184,31,13,54.0,18,0.41935483870967744,3.0,0
S05,P185,31,2,149.0,29,0.06451612903225806,5.137931034482759,0
S05,P186,31,0,274.0,31,0.0,8.838709677419354,0
S05,P187,31,1,207.0,30,0.03225806451612903,6.9,0
S05,P188,31,0,359.0,31,0.0,11.580645161290322,0
S05,P189,31,7,78.0,24,0.22580645161290322,3.25,0
S05,P190,31,8,92.0,23,0.25806451612903225,4.0,0
S05,P191,31,2,179.0,29,0.06451612903225806,6.172413793103448,0
S05,P192,31,1,145.0,30,0.03225806451612903,4.833333333333333,0
S05,P193,31,0,237.0,31,0.0,7.645161290322581,0
S05,P194,31,3,155.0,28,0.0967741935483871,5.535714285714286,0
S05,P195,31,0,290.0,31,0.0,9.35483870967742,0
S05,P196,31,1,179.0,30,0.03225806451612903,5.966666666666667,0
S05,P197,31,5,109.0,26,0.16129032258064516,4.1923076923076925,0
S05,P198,31,0,163.0,31,0.0,5.258064516129032,0
S05,P199,31,0,687.0,31,0.0,22.161290322580644,0
S05,P200,31,0,412.0,31,0.0,13.290322580645162,0
S05,P201,31,0,645.0,31,0.0,20.806451612903224,0
S05,P202,31,22,14.0,9,0.7096774193548387,1.5555555555555556,1
S05,P203,31,20,19.0,11,0.6451612903225806,1.7272727272727273,0
S05,P204,31,15,43.0,16,0.4838709677419355,2.6875,0
S05,P205,31,13,57.0,18,0.41935483870967744,3.1666666666666665,0
S05,P206,31,24,13.0,7,0.7741935483870968,1.8571428571428572,1
S05,P207,31,27,5.0,4,0.8709677419354839,1.25,1
S05,P208,31,12,61.0,19,0.3870967741935484,3.210526315789474,0
S05,P209,31,9,56.0,22,0.2903225806451613,2.5454545454545454,0
S05,P210,31,20,25.0,11,0.6451612903225806,2.272727272727273,0
S05,P211,31,0,295.0,31,0.0,9.516129032258064,0
S05,P212,31,0,370.0,31,0.0,11.935483870967742,0
S05,P213,31,0,273.0,31,0.0,8.806451612903226,0
S05,P214,31,10,70.0,21,0.3225806451612903,3.3333333333333335,0
S05,P215,31,0,237.0,31,0.0,7.645161290322581,0
S05,P216,31,6,84.0,25,0.1935483870967742,3.36,0
S05,P217,31,10,85.0,21,0.3225806451612903,4.0476190476190474,0
S05,P218,31,3,155.0,28,0.0967741935483871,5.535714285714286,0
S05,P219,31,15,41.0,16,0.4838709677419355,2.5625,0
S05,P220,31,17,35.0,14,0.5483870967741935,2.5,0
S06,P101,31,0,341.0,31,0.0,11.0,0
S06,P102,31,26,9.0,5,0.8387096774193549,1.8,1
S06,P103,31,0,774.0,31,0.0,24.967741935483872,0
S06,P104,31,3,116.0,28,0.0967741935483871,4.142857142857143,0
S06,P105,31,8,57.0,23,0.25806451612903225,2.4782608695652173,0
S06,P106,31,18,37.0,13,0.5806451612903226,2.8461538461538463,0
S06,P107,31,26,5.0,5,0.8387096774193549,1.0,1
S06,P108,31,22,20.0,9,0.7096774193548387,2.2222222222222223,1
S06,P109,31,4,149.0,27,0.12903225806451613,5.518518518518518,0
S06,P110,31,0,3600.0,31,0.0,116.12903225806451,0
S06,P111,31,2,213.0,29,0.06451612903225806,7.344827586206897,0
S06,P112,31,13,47.0,18,0.41935483870967744,2.611111111111111,0
S06,P113,31,7,92.0,24,0.22580645161290322,3.8333333333333335,0
S06,P114,31,3,129.0,28,0.0967741935483871,4.607142857142857,0
S06,P115,31,19,17.0,12,0.6129032258064516,1.4166666666666667,0
S06,P116,31,3,137.0,28,0.0967741935483871,4.892857142857143,0
S06,P117,31,4,115.0,27,0.12903225806451613,4.2592592592592595,0
S06,P118,31,5,97.0,26,0.16129032258064516,3.730769230769231,0
S06,P119,31,13,72.0,18,0.41935483870967744,4.0,0
S06,P120,31,5,89.0,26,0.16129032258064516,3.423076923076923,0
S06,P121,31,15,43.0,16,0.4838709677419355,2.6875,0
S06,P122,31,8,96.0,23,0.25806451612903225,4.173913043478261,0
S06,P123,31,0,525.0,31,0.0,16.93548387096774,0
S06,P124,31,0,317.0,31,0.0,10.225806451612904,0
S06,P125,31,10,56.0,21,0.3225806451612903,2.6666666666666665,0
S06,P126,31,0,264.0,31,0.0,8.516129032258064,0
S06,P127,31,0,801.0,31,0.0,25.838709677419356,0
S06,P128,31,6,101.0,25,0.1935483870967742,4.04,0
S06,P129,31,0,482.0,31,0.0,15.548387096774194,0
S06,P130,31,0,837.0,31,0.0,27.0,0
S06,P131,31,0,483.0,31,0.0,15.580645161290322,0
S06,P132,31,0,184.0,31,0.0,5.935483870967742,0
S06,P133,31,0,1254.0,31,0.0,40.45161290322581,0
S06,P134,31,0,471.0,31,0.0,15.193548387096774,0
S06,P135,31,0,224.0,31,0.0,7.225806451612903,0
S06,P136,31,19,32.0,12,0.6129032258064516,2.6666666666666665,0
S06,P137,31,0,415.0,31,0.0,13.387096774193548,0
S06,P138,31,0,250.0,31,0.0,8.064516129032258,0
S06,P139,31,16,54.0,15,0.5161290322580645,3.6,0
S06,P140,31,6,76.0,25,0.1935483870967742,3.04,0
S06,P141,31,6,112.0,25,0.1935483870967742,4.48,0
S06,P142,31,15,44.0,16,0.4838709677419355,2.75,0
S06,P143,31,1,226.0,30,0.03225806451612903,7.533333333333333,0
S06,P144,31,3,140.0,28,0.0967741935483871,5.0,0
S06,P145,31,5,86.0,26,0.16129032258064516,3.3076923076923075,0
S06,P146,31,0,302.0,31,0.0,9.741935483870968,0
S06,P147,31,4,163.0,27,0.12903225806451613,6.037037037037037,0
S06,P148,31,15,53.0,16,0.4838709677419355,3.3125,0
S06,P149,31,2,123.0,29,0.06451612903225806,4.241379310344827,0
S06,P150,31,12,69.0,19,0.3870967741935484,3.6315789473684212,0
S06,P151,31,10,57.0,21,0.3225806451612903,2.7142857142857144,0
S06,P152,31,0,345.0,31,0.0,11.129032258064516,0
S06,P153,31,0,262.0,31,0.0,8.451612903225806,0
S06,P154,31,6,97.0,25,0.1935483870967742,3.88,0
S06,P155,31,2,156.0,29,0.06451612903225806,5.379310344827586,0
S06,P156,31,0,365.0,31,0.0,11.774193548387096,0
S06,P157,31,1,162.0,30,0.03225806451612903,5.4,0
S06,P158,31,0,707.0,31,0.0,22.806451612903224,0
S06,P159,31,0,760.0,31,0.0,24.516129032258064,0
S06,P160,31,22,17.0,9,0.7096774193548387,1.8888888888888888,1
S06,P161,31,0,476.0,31,0.0,15.35483870967742,0
S06,P162,31,30,5.0,1,0.967741935483871,5.0,1
S06,P163,31,0,546.0,31,0.0,17.612903225806452,0
S06,P164,31,5,129.0,26,0.16129032258064516,4.961538461538462,0
S06,P165,31,21,21.0,10,0.6774193548387096,2.1,0
S06,P166,31,1,220.0,30,0.03225806451612903,7.333333333333333,0
S06,P167,31,19,24.0,12,0.6129032258064516,2.0,0
S06,P168,31,15,43.0,16,0.4838709677419355,2.6875,0
S06,P169,31,1,230.0,30,0.03225806451612903,7.666666666666667,0
S06,P170,31,22,24.0,9,0.7096774193548387,2.6666666666666665,1
S06,P171,31,4,147.0,27,0.12903225806451613,5.444444444444445,0
S06,P172,31,5,136.0,26,0.16129032258064516,5.230769230769231,0
S06,P173,31,13,45.0,18,0.41935483870967744,2.5,0
S06,P174,31,18,23.0,13,0.5806451612903226,1.7692307692307692,0
S06,P175,31,12,43.0,19,0.3870967741935484,2.263157894736842,0
S06,P176,31,0,815.0,31,0.0,26.29032258064516,0
S06,P177,31,3,159.0,28,0.0967741935483871,5.678571428571429,0
S06,P178,31,8,114.0,23,0.25806451612903225,4.956521739130435,0
S06,P179,31,15,51.0,16,0.4838709677419355,3.1875,0
S06,P180,31,0,355.0,31,0.0,11.451612903225806,0
S06,P181,31,1,195.0,30,0.03225806451612903,6.5,0
S06,P182,31,15,67.0,16,0.4838709677419355,4.1875,0
S06,P183,31,0,1599.0,31,0.0,51.58064516129032,0
S06,P184,31,16,54.0,15,0.5161290322580645,3.6,0
S06,P185,31,0,145.0,31,0.0,4.67741935483871,0
S06,P186,31,0,269.0,31,0.0,8.67741935483871,0
S06,P187,31,3,189.0,28,0.0967741935483871,6.75,0
S06,P188,31,0,361.0,31,0.0,11.64516129032258,0
S06,P189,31,6,112.0,25,0.1935483870967742,4.48,0
S06,P190,31,10,93.0,21,0.3225806451612903,4.428571428571429,0
S06,P191,31,1,200.0,30,0.03225806451612903,6.666666666666667,0
S06,P192,31,3,168.0,28,0.0967741935483871,6.0,0
S06,P193,31,1,264.0,30,0.03225806451612903,8.8,0
S06,P194,31,5,136.0,26,0.16129032258064516,5.230769230769231,0
S06,P195,31,0,317.0,31,0.0,10.225806451612904,0
S06,P196,31,1,145.0,30,0.03225806451612903,4.833333333333333,0
S06,P197,31,8,100.0,23,0.25806451612903225,4.3478260869565215,0
S06,P198,31,1,153.0,30,0.03225806451612903,5.1,0
S06,P199,31,0,626.0,31,0.0,20.193548387096776,0
S06,P200,31,0,282.0,31,0.0,9.096774193548388,0
S06,P201,31,0,640.0,31,0.0,20.64516129032258,0
S06,P202,31,26,8.0,5,0.8387096774193549,1.6,1
S06,P203,31,20,28.0,11,0.6451612903225806,2.5454545454545454,0
S06,P204,31,15,51.0,16,0.4838709677419355,3.1875,0
S06,P205,31,12,65.0,19,0.3870967741935484,3.4210526315789473,0
S06,P206,31,19,44.0,12,0.6129032258064516,3.6666666666666665,0
S06,P207,31,23,12.0,8,0.7419354838709677,1.5,1
S06,P208,31,18,37.0,13,0.5806451612903226,2.8461538461538463,0
S06,P209,31,9,62.0,22,0.2903225806451613,2.8181818181818183,0
S06,P210,31,22,28.0,9,0.7096774193548387,3.111111111111111,1
S06,P211,31,2,250.0,29,0.06451612903225806,8.620689655172415,0
S06,P212,31,0,326.0,31,0.0,10.516129032258064,0
S06,P213,31,1,345.0,30,0.03225806451612903,11.5,0
S06,P214,31,10,63.0,21,0.3225806451612903,3.0,0
S06,P215,31,0,198.0,31,0.0,6.387096774193548,0
S06,P216,31,7,67.0,24,0.22580645161290322,2.7916666666666665,0
S06,P217,31,7,89.0,24,0.22580645161290322,3.7083333333333335,0
S06,P218,31,2,138.0,29,0.06451612903225806,4.758620689655173,0
S06,P219,31,13,42.0,18,0.41935483870967744,2.3333333333333335,0
S06,P220,31,16,45.0,15,0.5161290322580645,3.0,0
S07,P101,31,0,373.0,31,0.0,12.03225806451613,0
S07,P102,31,28,4.0,3,0.9032258064516129,1.3333333333333333,1
S07,P103,31,0,762.0,31,0.0,24.580645161290324,0
S07,P104,31,5,108.0,26,0.16129032258064516,4.153846153846154,0
S07,P105,31,3,77.0,28,0.0967741935483871,2.75,0
S07,P106,31,20,24.0,11,0.6451612903225806,2.1818181818181817,0
S07,P107,31,25,10.0,6,0.8064516129032258,1.6666666666666667,1
S07,P108,31,14,33.0,17,0.45161290322580644,1.9411764705882353,0
S07,P109,31,1,120.0,30,0.03225806451612903,4.0,0
S07,P110,31,0,3596.0,31,0.0,116.0,0
S07,P111,31,1,207.0,30,0.03225806451612903,6.9,0
S07,P112,31,14,35.0,17,0.45161290322580644,2.0588235294117645,0
S07,P113,31,8,86.0,23,0.25806451612903225,3.739130434782609,0
S07,P114,31,1,128.0,30,0.03225806451612903,4.266666666666667,0
S07,P115,31,13,53.0,18,0.41935483870967744,2.9444444444444446,0
S07,P116,31,4,114.0,27,0.12903225806451613,4.222222222222222,0
S07,P117,31,10,67.0,21,0.3225806451612903,3.1904761904761907,0
S07,P118,31,8,93.0,23,0.25806451612903225,4.043478260869565,0
S07,P119,31,5,90.0,26,0.16129032258064516,3.4615384615384617,0
S07,P120,31,9,91.0,22,0.2903225806451613,4.136363636363637,0
S07,P121,31,13,59.0,18,0.41935483870967744,3.2777777777777777,0
S07,P122,31,1,123.0,30,0.03225806451612903,4.1,0
S07,P123,31,0,531.0,31,0.0,17.129032258064516,0
S07,P124,31,0,302.0,31,0.0,9.741935483870968,0
S07,P125,31,6,97.0,25,0.1935483870967742,3.88,0
S07,P126,31,2,313.0,29,0.06451612903225806,10.793103448275861,0
S07,P127,31,0,722.0,31,0.0,23.29032258064516,0
S07,P128,31,8,95.0,23,0.25806451612903225,4.130434782608695,0
S07,P129,31,0,438.0,31,0.0,14.129032258064516,0
S07,P130,31,0,811.0,31,0.0,26.161290322580644,0
S07,P131,31,0,425.0,31,0.0,13.709677419354838,0
S07,P132,31,0,218.0,31,0.0,7.032258064516129,0
S07,P133,31,0,1217.0,31,0.0,39.25806451612903,0
S07,P134,31,0,460.0,31,0.0,14.838709677419354,0
S07,P135,31,2,195.0,29,0.06451612903225806,6.724137931034483,0
S07,P136,31,22,19.0,9,0.7096774193548387,2.111111111111111,1
S07,P137,31,1,382.0,30,0.03225806451612903,12.733333333333333,0
S07,P138,31,2,173.0,29,0.06451612903225806,5.9655172413793105,0
S07,P139,31,10,69.0,21,0.3225806451612903,3.2857142857142856,0
S07,P140,31,7,91.0,24,0.22580645161290322,3.7916666666666665,0
S07,P141,31,6,95.0,25,0.1935483870967742,3.8,0
S07,P142,31,15,28.0,16,0.4838709677419355,1.75,0
S07,P143,31,0,233.0,31,0.0,7.516129032258065,0
S07,P144,31,1,152.0,30,0.03225806451612903,5.066666666666666,0
S07,P145,31,3,109.0,28,0.0967741935483871,3.892857142857143,0
S07,P146,31,1,251.0,30,0.03225806451612903,8.366666666666667,0
S07,P147,31,2,134.0,29,0.06451612903225806,4.620689655172414,0
S07,P148,31,16,40.0,15,0.5161290322580645,2.6666666666666665,0
S07,P149,31,3,117.0,28,0.0967741935483871,4.178571428571429,0
S07,P150,31,15,60.0,16,0.4838709677419355,3.75,0
S07,P151,31,11,62.0,20,0.3548387096774194,3.1,0
S07,P152,31,0,287.0,31,0.0,9.258064516129032,0
S07,P153,31,0,245.0,31,0.0,7.903225806451613,0
S07,P154,31,6,100.0,25,0.1935483870967742,4.0,0
S07,P155,31,3,147.0,28,0.0967741935483871,5.25,0
S07,P156,31,0,390.0,31,0.0,12.580645161290322,0
S07,P157,31,1,180.0,30,0.03225806451612903,6.0,0
S07,P158,31,0,690.0,31,0.0,22.258064516129032,0
S07,P159,31,0,832.0,31,0.0,26.838709677419356,0
S07,P160,31,22,19.0,9,0.7096774193548387,2.111111111111111,1
S07,P161,31,0,454.0,31,0.0,14.64516129032258,0
S07,P162,31,30,1.0,1,0.967741935483871,1.0,1
S07,P163,31,0,531.0,31,0.0,17.129032258064516,0
S07,P164,31,6,126.0,25,0.1935483870967742,5.04,0
S07,P165,31,17,32.0,14,0.5483870967741935,2.2857142857142856,0
S07,P166,31,2,161.0,29,0.06451612903225806,5.551724137931035,0
S07,P167,31,20,32.0,11,0.6451612903225806,2.909090909090909,0
S07,P168,31,13,50.0,18,0.41935483870967744,2.7777777777777777,0
S07,P169,31,1,213.0,30,0.03225806451612903,7.1,0
S07,P170,31,16,41.0,15,0.5161290322580645,2.7333333333333334,0
S07,P171,31,1,155.0,30,0.03225806451612903,5.166666666666667,0
S07,P172,31,5,111.0,26,0.16129032258064516,4.269230769230769,0
S07,P173,31,18,37.0,13,0.5806451612903226,2.8461538461538463,0
S07,P174,31,18,27.0,13,0.5806451612903226,2.076923076923077,0
S07,P175,31,17,33.0,14,0.5483870967741935,2.357142857142857,0
S07,P176,31,0,719.0,31,0.0,23.193548387096776,0
S07,P177,31,2,114.0,29,0.06451612903225806,3.9310344827586206,0
S07,P178,31,7,107.0,24,0.22580645161290322,4.458333333333333,0
S07,P179,31,19,35.0,12,0.6129032258064516,2.9166666666666665,0
S07,P180,31,0,372.0,31,0.0,12.0,0
S07,P181,31,1,157.0,30,0.03225806451612903,5.233333333333333,0
S07,P182,31,8,69.0,23,0.25806451612903225,3.0,0
S07,P183,31,0,1471.0,31,0.0,47.45161290322581,0
S07,P184,31,12,64.0,19,0.3870967741935484,3.3684210526315788,0
S07,P185,31,0,157.0,31,0.0,5.064516129032258,0
S07,P186,31,0,265.0,31,0.0,8.548387096774194,0
S07,P187,31,1,155.0,30,0.03225806451612903,5.166666666666667,0
S07,P188,31,0,375.0,31,0.0,12.096774193548388,0
S07,P189,31,14,60.0,17,0.45161290322580644,3.5294117647058822,0
S07,P190,31,2,99.0,29,0.06451612903225806,3.413793103448276,0
S07,P191,31,1,139.0,30,0.03225806451612903,4.633333333333334,0
S07,P192,31,1,136.0,30,0.03225806451612903,4.533333333333333,0
S07,P193,31,0,331.0,31,0.0,10.67741935483871,0
S07,P194,31,3,148.0,28,0.0967741935483871,5.285714285714286,0
S07,P195,31,0,350.0,31,0.0,11.290322580645162,0
S07,P196,31,1,169.0,30,0.03225806451612903,5.633333333333334,0
S07,P197,31,6,115.0,25,0.1935483870967742,4.6,0
S07,P198,31,3,157.0,28,0.0967741935483871,5.607142857142857,0
S07,P199,31,0,606.0,31,0.0,19.548387096774192,0
S07,P200,31,0,397.0,31,0.0,12.806451612903226,0
S07,P201,31,0,604.0,31,0.0,19.483870967741936,0
S07,P202,31,27,13.0,4,0.8709677419354839,3.25,1
S07,P203,31,18,23.0,13,0.5806451612903226,1.7692307692307692,0
S07,P204,31,18,26.0,13,0.5806451612903226,2.0,0
S07,P205,31,12,46.0,19,0.3870967741935484,2.4210526315789473,0
S07,P206,31,19,37.0,12,0.6129032258064516,3.0833333333333335,0
S07,P207,31,23,22.0,8,0.7419354838709677,2.75,1
S07,P208,31,16,42.0,15,0.5161290322580645,2.8,0
S07,P209,31,11,54.0,20,0.3548387096774194,2.7,0
S07,P210,31,19,30.0,12,0.6129032258064516,2.5,0
S07,P211,31,2,191.0,29,0.06451612903225806,6.586206896551724,0
S07,P212,31,1,297.0,30,0.03225806451612903,9.9,0
S07,P213,31,0,314.0,31,0.0,10.129032258064516,0
S07,P214,31,7,68.0,24,0.22580645161290322,2.8333333333333335,0
S07,P215,31,0,230.0,31,0.0,7.419354838709677,0
S07,P216,31,3,122.0,28,0.0967741935483871,4.357142857142857,0
S07,P217,31,7,87.0,24,0.22580645161290322,3.625,0
S07,P218,31,5,143.0,26,0.16129032258064516,5.5,0
S07,P219,31,12,71.0,19,0.3870967741935484,3.736842105263158,0
S07,P220,31,20,35.0,11,0.6451612903225806,3.1818181818181817,0
S08,P101,31,0,420.0,31,0.0,13.548387096774194,0
S08,P102,31,19,20.0,12,0.6129032258064516,1.6666666666666667,0
S08,P103,31,0,833.0,31,0.0,26.870967741935484,0
S08,P104,31,6,92.0,25,0.1935483870967742,3.68,0
S08,P105,31,12,54.0,19,0.3870967741935484,2.8421052631578947,0
S08,P106,31,17,26.0,14,0.5483870967741935,1.8571428571428572,0
S08,P107,31,26,13.0,5,0.8387096774193549,2.6,1
S08,P108,31,17,45.0,14,0.5483870967741935,3.2142857142857144,0
S08,P109,31,5,145.0,26,0.16129032258064516,5.576923076923077,0
S08,P110,31,0,3859.0,31,0.0,124.48387096774194,0
S08,P111,31,0,233.0,31,0.0,7.516129032258065,0
S08,P112,31,11,48.0,20,0.3548387096774194,2.4,0
S08,P113,31,7,78.0,24,0.22580645161290322,3.25,0
S08,P114,31,1,117.0,30,0.03225806451612903,3.9,0
S08,P115,31,18,28.0,13,0.5806451612903226,2.1538461538461537,0
S08,P116,31,7,121.0,24,0.22580645161290322,5.041666666666667,0
S08,P117,31,8,93.0,23,0.25806451612903225,4.043478260869565,0
S08,P118,31,4,99.0,27,0.12903225806451613,3.6666666666666665,0
S08,P119,31,9,95.0,22,0.2903225806451613,4.318181818181818,0
S08,P120,31,12,64.0,19,0.3870967741935484,3.3684210526315788,0
S08,P121,31,13,47.0,18,0.41935483870967744,2.611111111111111,0
S08,P122,31,3,175.0,28,0.0967741935483871,6.25,0
S08,P123,31,0,458.0,31,0.0,14.774193548387096,0
S08,P124,31,0,287.0,31,0.0,9.258064516129032,0
S08,P125,31,10,78.0,21,0.3225806451612903,3.7142857142857144,0
S08,P126,31,0,278.0,31,0.0,8.96774193548387,0
S08,P127,31,0,737.0,31,0.0,23.774193548387096,0
S08,P128,31,4,130.0,27,0.12903225806451613,4.814814814814815,0
S08,P129,31,0,517.0,31,0.0,16.677419354838708,0
S08,P130,31,0,868.0,31,0.0,28.0,0
S08,P131,31,0,543.0,31,0.0,17.516129032258064,0
S08,P132,31,1,206.0,30,0.03225806451612903,6.866666666666666,0
S08,P133,31,0,1224.0,31,0.0,39.483870967741936,0
S08,P134,31,0,428.0,31,0.0,13.806451612903226,0
S08,P135,31,2,222.0,29,0.06451612903225806,7.655172413793103,0
S08,P136,31,27,11.0,4,0.8709677419354839,2.75,1
S08,P137,31,0,395.0,31,0.0,12.741935483870968,0
S08,P138,31,0,235.0,31,0.0,7.580645161290323,0
S08,P139,31,14,66.0,17,0.45161290322580644,3.8823529411764706,0
S08,P140,31,4,108.0,27,0.12903225806451613,4.0,0
S08,P141,31,3,122.0,28,0.0967741935483871,4.357142857142857,0
S08,P142,31,11,51.0,20,0.3548387096774194,2.55,0
S08,P143,31,1,222.0,30,0.03225806451612903,7.4,0
S08,P144,31,3,154.0,28,0.0967741935483871,5.5,0
S08,P145,31,6,92.0,25,0.1935483870967742,3.68,0
S08,P146,31,0,304.0,31,0.0,9.806451612903226,0
S08,P147,31,1,180.0,30,0.03225806451612903,6.0,0
S08,P148,31,14,38.0,17,0.45161290322580644,2.235294117647059,0
S08,P149,31,2,94.0,29,0.06451612903225806,3.2413793103448274,0
S08,P150,31,7,84.0,24,0.22580645161290322,3.5,0
S08,P151,31,8,77.0,23,0.25806451612903225,3.347826086956522,0
S08,P152,31,0,341.0,31,0.0,11.0,0
S08,P153,31,0,255.0,31,0.0,8.225806451612904,0
S08,P154,31,3,99.0,28,0.0967741935483871,3.5357142857142856,0
S08,P155,31,3,138.0,28,0.0967741935483871,4.928571428571429,0
S08,P156,31,0,408.0,31,0.0,13.161290322580646,0
S08,P157,31,0,221.0,31,0.0,7.129032258064516,0
S08,P158,31,0,706.0,31,0.0,22.774193548387096,0
S08,P159,31,0,820.0,31,0.0,26.451612903225808,0
S08,P160,31,24,11.0,7,0.7741935483870968,1.5714285714285714,1
S08,P161,31,0,435.0,31,0.0,14.03225806451613,0
S08,P162,31,27,6.0,4,0.8709677419354839,1.5,1
S08,P163,31,0,547.0,31,0.0,17.64516129032258,0
S08,P164,31,7,108.0,24,0.22580645161290322,4.5,0
S08,P165,31,21,16.0,10,0.6774193548387096,1.6,0
S08,P166,31,2,198.0,29,0.06451612903225806,6.827586206896552,0
S08,P167,31,16,37.0,15,0.5161290322580645,2.466666666666667,0
S08,P168,31,11,47.0,20,0.3548387096774194,2.35,0
S08,P169,31,0,216.0,31,0.0,6.967741935483871,0
S08,P170,31,18,28.0,13,0.5806451612903226,2.1538461538461537,0
S08,P171,31,3,117.0,28,0.0967741935483871,4.178571428571429,0
S08,P172,31,4,168.0,27,0.12903225806451613,6.222222222222222,0
S08,P173,31,13,40.0,18,0.41935483870967744,2.2222222222222223,0
S08,P174,31,9,67.0,22,0.2903225806451613,3.0454545454545454,0
S08,P175,31,11,63.0,20,0.3548387096774194,3.15,0
S08,P176,31,0,769.0,31,0.0,24.806451612903224,0
S08,P177,31,3,106.0,28,0.0967741935483871,3.7857142857142856,0
S08,P178,31,3,91.0,28,0.0967741935483871,3.25,0
S08,P179,31,17,27.0,14,0.5483870967741935,1.9285714285714286,0
S08,P180,31,0,339.0,31,0.0,10.935483870967742,0
S08,P181,31,1,162.0,30,0.03225806451612903,5.4,0
S08,P182,31,12,55.0,19,0.3870967741935484,2.8947368421052633,0
S08,P183,31,0,1485.0,31,0.0,47.903225806451616,0
S08,P184,31,16,45.0,15,0.5161290322580645,3.0,0
S08,P185,31,3,126.0,28,0.0967741935483871,4.5,0
S08,P186,31,0,312.0,31,0.0,10.064516129032258,0
S08,P187,31,1,206.0,30,0.03225806451612903,6.866666666666666,0
S08,P188,31,0,360.0,31,0.0,11.612903225806452,0
S08,P189,31,12,57.0,19,0.3870967741935484,3.0,0
S08,P190,31,6,107.0,25,0.1935483870967742,4.28,0
S08,P191,31,3,167.0,28,0.0967741935483871,5.964285714285714,0
S08,P192,31,2,152.0,29,0.06451612903225806,5.241379310344827,0
S08,P193,31,0,297.0,31,0.0,9.580645161290322,0
S08,P194,31,1,131.0,30,0.03225806451612903,4.366666666666666,0
S08,P195,31,0,330.0,31,0.0,10.64516129032258,0
S08,P196,31,0,179.0,31,0.0,5.774193548387097,0
S08,P197,31,5,121.0,26,0.16129032258064516,4.653846153846154,0
S08,P198,31,1,150.0,30,0.03225806451612903,5.0,0
S08,P199,31,0,713.0,31,0.0,23.0,0
S08,P200,31,0,384.0,31,0.0,12.387096774193548,0
S08,P201,31,0,660.0,31,0.0,21.29032258064516,0
S08,P202,31,21,23.0,10,0.6774193548387096,2.3,0
S08,P203,31,20,19.0,11,0.6451612903225806,1.7272727272727273,0
S08,P204,31,21,29.0,10,0.6774193548387096,2.9,0
S08,P205,31,7,53.0,24,0.22580645161290322,2.2083333333333335,0
S08,P206,31,21,36.0,10,0.6774193548387096,3.6,0
S08,P207,31,24,11.0,7,0.7741935483870968,1.5714285714285714,1
S08,P208,31,10,74.0,21,0.3225806451612903,3.5238095238095237,0
S08,P209,31,15,60.0,16,0.4838709677419355,3.75,0
S08,P210,31,19,29.0,12,0.6129032258064516,2.4166666666666665,0
S08,P211,31,0,253.0,31,0.0,8.161290322580646,0
S08,P212,31,0,312.0,31,0.0,10.064516129032258,0
S08,P213,31,0,294.0,31,0.0,9.483870967741936,0
S08,P214,31,14,47.0,17,0.45161290322580644,2.764705882352941,0
S08,P215,31,2,171.0,29,0.06451612903225806,5.896551724137931,0
S08,P216,31,4,104.0,27,0.12903225806451613,3.8518518518518516,0
S08,P217,31,8,70.0,23,0.25806451612903225,3.0434782608695654,0
S08,P218,31,1,158.0,30,0.03225806451612903,5.266666666666667,0
S08,P219,31,13,49.0,18,0.41935483870967744,2.7222222222222223,0
S08,P220,31,20,19.0,11,0.6451612903225806,1.7272727272727273,0
S09,P101,31,0,452.0,31,0.0,14.580645161290322,0
S09,P102,31,21,26.0,10,0.6774193548387096,2.6,0
S09,P103,31,0,770.0,31,0.0,24.838709677419356,0
S09,P104,31,4,107.0,27,0.12903225806451613,3.962962962962963,0
S09,P105,31,8,55.0,23,0.25806451612903225,2.391304347826087,0
S09,P106,31,21,26.0,10,0.6774193548387096,2.6,0
S09,P107,31,24,10.0,7,0.7741935483870968,1.4285714285714286,1
S09,P108,31,18,30.0,13,0.5806451612903226,2.3076923076923075,0
S09,P109,31,2,145.0,29,0.06451612903225806,5.0,0
S09,P110,31,0,3666.0,31,0.0,118.25806451612904,0
S09,P111,31,1,204.0,30,0.03225806451612903,6.8,0
S09,P112,31,13,57.0,18,0.41935483870967744,3.1666666666666665,0
S09,P113,31,6,115.0,25,0.1935483870967742,4.6,0
S09,P114,31,1,150.0,30,0.03225806451612903,5.0,0
S09,P115,31,17,37.0,14,0.5483870967741935,2.642857142857143,0
S09,P116,31,4,110.0,27,0.12903225806451613,4.074074074074074,0
S09,P117,31,7,78.0,24,0.22580645161290322,3.25,0
S09,P118,31,14,52.0,17,0.45161290322580644,3.0588235294117645,0
S09,P119,31,8,73.0,23,0.25806451612903225,3.1739130434782608,0
S09,P120,31,4,95.0,27,0.12903225806451613,3.5185185185185186,0
S09,P121,31,10,55.0,21,0.3225806451612903,2.619047619047619,0
S09,P122,31,3,98.0,28,0.0967741935483871,3.5,0
S09,P123,31,0,537.0,31,0.0,17.322580645161292,0
S09,P124,31,0,281.0,31,0.0,9.064516129032258,0
S09,P125,31,11,68.0,20,0.3548387096774194,3.4,0
S09,P126,31,0,323.0,31,0.0,10.419354838709678,0
S09,P127,31,0,700.0,31,0.0,22.580645161290324,0
S09,P128,31,8,120.0,23,0.25806451612903225,5.217391304347826,0
S09,P129,31,0,558.0,31,0.0,18.0,0
S09,P130,31,0,863.0,31,0.0,27.838709677419356,0
S09,P131,31,0,493.0,31,0.0,15.903225806451612,0
S09,P132,31,0,238.0,31,0.0,7.67741935483871,0
S09,P133,31,0,1041.0,31,0.0,33.58064516129032,0
S09,P134,31,0,403.0,31,0.0,13.0,0
S09,P135,31,0,211.0,31,0.0,6.806451612903226,0
S09,P136,31,18,24.0,13,0.5806451612903226,1.8461538461538463,0
S09,P137,31,0,400.0,31,0.0,12.903225806451612,0
S09,P138,31,1,208.0,30,0.03225806451612903,6.933333333333334,0
S09,P139,31,12,57.0,19,0.3870967741935484,3.0,0
S09,P140,31,7,116.0,24,0.22580645161290322,4.833333333333333,0
S09,P141,31,4,92.0,27,0.12903225806451613,3.4074074074074074,0
S09,P142,31,14,40.0,17,0.45161290322580644,2.3529411764705883,0
S09,P143,31,1,210.0,30,0.03225806451612903,7.0,0
S09,P144,31,2,178.0,29,0.06451612903225806,6.137931034482759,0
S09,P145,31,4,110.0,27,0.12903225806451613,4.074074074074074,0
S09,P146,31,0,295.0,31,0.0,9.516129032258064,0
S09,P147,31,1,182.0,30,0.03225806451612903,6.066666666666666,0
S09,P148,31,17,48.0,14,0.5483870967741935,3.4285714285714284,0
S09,P149,31,5,94.0,26,0.16129032258064516,3.6153846153846154,0
S09,P150,31,9,74.0,22,0.2903225806451613,3.3636363636363638,0
S09,P151,31,12,63.0,19,0.3870967741935484,3.3157894736842106,0
S09,P152,31,0,339.0,31,0.0,10.935483870967742,0
S09,P153,31,0,256.0,31,0.0,8.258064516129032,0
S09,P154,31,4,96.0,27,0.12903225806451613,3.5555555555555554,0
S09,P155,31,5,119.0,26,0.16129032258064516,4.576923076923077,0
S09,P156,31,0,405.0,31,0.0,13.064516129032258,0
S09,P157,31,1,184.0,30,0.03225806451612903,6.133333333333334,0
S09,P158,31,0,780.0,31,0.0,25.161290322580644,0
S09,P159,31,0,818.0,31,0.0,26.387096774193548,0
S09,P160,31,23,22.0,8,0.7419354838709677,2.75,1
S09,P161,31,0,513.0,31,0.0,16.548387096774192,0
S09,P162,31,28,7.0,3,0.9032258064516129,2.3333333333333335,1
S09,P163,31,0,528.0,31,0.0,17.032258064516128,0
S09,P164,31,1,134.0,30,0.03225806451612903,4.466666666666667,0
S09,P165,31,22,17.0,9,0.7096774193548387,1.8888888888888888,1
S09,P166,31,2,204.0,29,0.06451612903225806,7.0344827586206895,0
S09,P167,31,21,38.0,10,0.6774193548387096,3.8,0
S09,P168,31,9,60.0,22,0.2903225806451613,2.727272727272727,0
S09,P169,31,2,196.0,29,0.06451612903225806,6.758620689655173,0
S09,P170,31,20,18.0,11,0.6451612903225806,1.6363636363636365,0
S09,P171,31,2,153.0,29,0.06451612903225806,5.275862068965517,0
S09,P172,31,2,116.0,29,0.06451612903225806,4.0,0
S09,P173,31,11,45.0,20,0.3548387096774194,2.25,0
S09,P174,31,16,29.0,15,0.5161290322580645,1.9333333333333333,0
S09,P175,31,12,52.0,19,0.3870967741935484,2.736842105263158,0
S09,P176,31,0,764.0,31,0.0,24.64516129032258,0
S09,P177,31,3,121.0,28,0.0967741935483871,4.321428571428571,0
S09,P178,31,3,88.0,28,0.0967741935483871,3.142857142857143,0
S09,P179,31,18,29.0,13,0.5806451612903226,2.230769230769231,0
S09,P180,31,0,415.0,31,0.0,13.387096774193548,0
S09,P181,31,2,181.0,29,0.06451612903225806,6.241379310344827,0
S09,P182,31,11,80.0,20,0.3548387096774194,4.0,0
S09,P183,31,0,1435.0,31,0.0,46.29032258064516,0
S09,P184,31,17,36.0,14,0.5483870967741935,2.5714285714285716,0
S09,P185,31,3,121.0,28,0.0967741935483871,4.321428571428571,0
S09,P186,31,0,340.0,31,0.0,10.96774193548387,0
S09,P187,31,2,167.0,29,0.06451612903225806,5.758620689655173,0
S09,P188,31,0,402.0,31,0.0,12.96774193548387,0
S09,P189,31,12,50.0,19,0.3870967741935484,2.6315789473684212,0
S09,P190,31,6,86.0,25,0.1935483870967742,3.44,0
S09,P191,31,1,146.0,30,0.03225806451612903,4.866666666666666,0
S09,P192,31,5,113.0,26,0.16129032258064516,4.346153846153846,0
S09,P193,31,0,251.0,31,0.0,8.096774193548388,0
S09,P194,31,1,147.0,30,0.03225806451612903,4.9,0
S09,P195,31,0,323.0,31,0.0,10.419354838709678,0
S09,P196,31,2,189.0,29,0.06451612903225806,6.517241379310345,0
S09,P197,31,3,105.0,28,0.0967741935483871,3.75,0
S09,P198,31,1,200.0,30,0.03225806451612903,6.666666666666667,0
S09,P199,31,0,626.0,31,0.0,20.193548387096776,0
S09,P200,31,0,384.0,31,0.0,12.387096774193548,0
S09,P201,31,0,618.0,31,0.0,19.93548387096774,0
S09,P202,31,24,27.0,7,0.7741935483870968,3.857142857142857,1
S09,P203,31,20,23.0,11,0.6451612903225806,2.090909090909091,0
S09,P204,31,18,32.0,13,0.5806451612903226,2.4615384615384617,0
S09,P205,31,8,104.0,23,0.25806451612903225,4.521739130434782,0
S09,P206,31,17,27.0,14,0.5483870967741935,1.9285714285714286,0
S09,P207,31,24,15.0,7,0.7741935483870968,2.142857142857143,1
S09,P208,31,8,57.0,23,0.25806451612903225,2.4782608695652173,0
S09,P209,31,14,51.0,17,0.45161290322580644,3.0,0
S09,P210,31,21,20.0,10,0.6774193548387096,2.0,0
S09,P211,31,1,234.0,30,0.03225806451612903,7.8,0
S09,P212,31,0,356.0,31,0.0,11.483870967741936,0
S09,P213,31,0,328.0,31,0.0,10.580645161290322,0
S09,P214,31,14,68.0,17,0.45161290322580644,4.0,0
S09,P215,31,2,176.0,29,0.06451612903225806,6.068965517241379,0
S09,P216,31,4,119.0,27,0.12903225806451613,4.407407407407407,0
S09,P217,31,9,60.0,22,0.2903225806451613,2.727272727272727,0
S09,P218,31,1,157.0,30,0.03225806451612903,5.233333333333333,0
S09,P219,31,16,29.0,15,0.5161290322580645,1.9333333333333333,0
S09,P220,31,19,22.0,12,0.6129032258064516,1.8333333333333333,0
S10,P101,31,0,446.0,31,0.0,14.387096774193548,0
S10,P102,31,23,25.0,8,0.7419354838709677,3.125,1
S10,P103,31,0,780.0,31,0.0,25.161290322580644,0
S10,P104,31,6,84.0,25,0.1935483870967742,3.36,0
S10,P105,31,12,56.0,19,0.3870967741935484,2.9473684210526314,0
S10,P106,31,16,21.0,15,0.5161290322580645,1.4,0
S10,P107,31,27,10.0,4,0.8709677419354839,2.5,1
S10,P108,31,11,50.0,20,0.3548387096774194,2.5,0
S10,P109,31,2,153.0,29,0.06451612903225806,5.275862068965517,0
S10,P110,31,0,3522.0,31,0.0,113.61290322580645,0
S10,P111,31,0,208.0,31,0.0,6.709677419354839,0
S10,P112,31,13,64.0,18,0.41935483870967744,3.5555555555555554,0
S10,P113,31,14,70.0,17,0.45161290322580644,4.117647058823529,0
S10,P114,31,2,126.0,29,0.06451612903225806,4.344827586206897,0
S10,P115,31,18,31.0,13,0.5806451612903226,2.3846153846153846,0
S10,P116,31,6,112.0,25,0.1935483870967742,4.48,0
S10,P117,31,6,93.0,25,0.1935483870967742,3.72,0
S10,P118,31,10,72.0,21,0.3225806451612903,3.4285714285714284,0
S10,P119,31,3,99.0,28,0.0967741935483871,3.5357142857142856,0
S10,P120,31,6,68.0,25,0.1935483870967742,2.72,0
S10,P121,31,11,52.0,20,0.3548387096774194,2.6,0
S10,P122,31,2,133.0,29,0.06451612903225806,4.586206896551724,0
S10,P123,31,0,595.0,31,0.0,19.193548387096776,0
S10,P124,31,0,265.0,31,0.0,8.548387096774194,0
S10,P125,31,8,59.0,23,0.25806451612903225,2.5652173913043477,0
S10,P126,31,0,370.0,31,0.0,11.935483870967742,0
S10,P127,31,0,715.0,31,0.0,23.06451612903226,0
S10,P128,31,5,130.0,26,0.16129032258064516,5.0,0
S10,P129,31,0,434.0,31,0.0,14.0,0
S10,P130,31,0,876.0,31,0.0,28.258064516129032,0
S10,P131,31,0,586.0,31,0.0,18.903225806451612,0
S10,P132,31,1,210.0,30,0.03225806451612903,7.0,0
S10,P133,31,0,1165.0,31,0.0,37.58064516129032,0
S10,P134,31,0,439.0,31,0.0,14.161290322580646,0
S10,P135,31,1,200.0,30,0.03225806451612903,6.666666666666667,0
S10,P136,31,21,22.0,10,0.6774193548387096,2.2,0
S10,P137,31,0,395.0,31,0.0,12.741935483870968,0
S10,P138,31,0,235.0,31,0.0,7.580645161290323,0
S10,P139,31,10,67.0,21,0.3225806451612903,3.1904761904761907,0
S10,P140,31,5,93.0,26,0.16129032258064516,3.576923076923077,0
S10,P141,31,4,110.0,27,0.12903225806451613,4.074074074074074,0
S10,P142,31,14,44.0,17,0.45161290322580644,2.588235294117647,0
S10,P143,31,2,264.0,29,0.06451612903225806,9.10344827586207,0
S10,P144,31,1,155.0,30,0.03225806451612903,5.166666666666667,0
S10,P145,31,7,86.0,24,0.22580645161290322,3.5833333333333335,0
S10,P146,31,0,261.0,31,0.0,8.419354838709678,0
S10,P147,31,2,153.0,29,0.06451612903225806,5.275862068965517,0
S10,P148,31,16,43.0,15,0.5161290322580645,2.8666666666666667,0
S10,P149,31,7,119.0,24,0.22580645161290322,4.958333333333333,0
S10,P150,31,11,69.0,20,0.3548387096774194,3.45,0
S10,P151,31,10,53.0,21,0.3225806451612903,2.5238095238095237,0
S10,P152,31,0,345.0,31,0.0,11.129032258064516,0
S10,P153,31,1,248.0,30,0.03225806451612903,8.266666666666667,0
S10,P154,31,12,81.0,19,0.3870967741935484,4.2631578947368425,0
S10,P155,31,5,125.0,26,0.16129032258064516,4.8076923076923075,0
S10,P156,31,0,373.0,31,0.0,12.03225806451613,0
S10,P157,31,3,175.0,28,0.0967741935483871,6.25,0
S10,P158,31,0,700.0,31,0.0,22.580645161290324,0
S10,P159,31,0,823.0,31,0.0,26.548387096774192,0
S10,P160,31,26,21.0,5,0.8387096774193549,4.2,1
S10,P161,31,0,512.0,31,0.0,16.516129032258064,0
S10,P162,31,28,10.0,3,0.9032258064516129,3.3333333333333335,1
S10,P163,31,0,505.0,31,0.0,16.29032258064516,0
S10,P164,31,4,112.0,27,0.12903225806451613,4.148148148148148,0
S10,P165,31,16,28.0,15,0.5161290322580645,1.8666666666666667,0
S10,P166,31,2,170.0,29,0.06451612903225806,5.862068965517241,0
S10,P167,31,21,25.0,10,0.6774193548387096,2.5,0
S10,P168,31,11,46.0,20,0.3548387096774194,2.3,0
S10,P169,31,0,230.0,31,0.0,7.419354838709677,0
S10,P170,31,13,50.0,18,0.41935483870967744,2.7777777777777777,0
S10,P171,31,3,143.0,28,0.0967741935483871,5.107142857142857,0
S10,P172,31,4,123.0,27,0.12903225806451613,4.555555555555555,0
S10,P173,31,18,30.0,13,0.5806451612903226,2.3076923076923075,0
S10,P174,31,18,24.0,13,0.5806451612903226,1.8461538461538463,0
S10,P175,31,13,58.0,18,0.41935483870967744,3.2222222222222223,0
S10,P176,31,0,750.0,31,0.0,24.193548387096776,0
S10,P177,31,4,113.0,27,0.12903225806451613,4.185185185185185,0
S10,P178,31,4,99.0,27,0.12903225806451613,3.6666666666666665,0
S10,P179,31,12,41.0,19,0.3870967741935484,2.1578947368421053,0
S10,P180,31,0,392.0,31,0.0,12.64516129032258,0
S10,P181,31,3,152.0,28,0.0967741935483871,5.428571428571429,0
S10,P182,31,9,65.0,22,0.2903225806451613,2.9545454545454546,0
S10,P183,31,0,1501.0,31,0.0,48.41935483870968,0
S10,P184,31,16,48.0,15,0.5161290322580645,3.2,0
S10,P185,31,4,181.0,27,0.12903225806451613,6.703703703703703,0
S10,P186,31,0,257.0,31,0.0,8.290322580645162,0
S10,P187,31,4,196.0,27,0.12903225806451613,7.2592592592592595,0
S10,P188,31,0,323.0,31,0.0,10.419354838709678,0
S10,P189,31,9,84.0,22,0.2903225806451613,3.8181818181818183,0
S10,P190,31,6,80.0,25,0.1935483870967742,3.2,0
S10,P191,31,3,162.0,28,0.0967741935483871,5.785714285714286,0
S10,P192,31,3,123.0,28,0.0967741935483871,4.392857142857143,0
S10,P193,31,0,246.0,31,0.0,7.935483870967742,0
S10,P194,31,3,125.0,28,0.0967741935483871,4.464285714285714,0
S10,P195,31,0,321.0,31,0.0,10.35483870967742,0
S10,P196,31,3,144.0,28,0.0967741935483871,5.142857142857143,0
S10,P197,31,4,117.0,27,0.12903225806451613,4.333333333333333,0
S10,P198,31,2,126.0,29,0.06451612903225806,4.344827586206897,0
S10,P199,31,0,593.0,31,0.0,19.129032258064516,0
S10,P200,31,0,328.0,31,0.0,10.580645161290322,0
S10,P201,31,0,674.0,31,0.0,21.741935483870968,0
S10,P202,31,23,14.0,8,0.7419354838709677,1.75,1
S10,P203,31,18,39.0,13,0.5806451612903226,3.0,0
S10,P204,31,17,29.0,14,0.5483870967741935,2.0714285714285716,0
S10,P205,31,8,68.0,23,0.25806451612903225,2.9565217391304346,0
S10,P206,31,15,37.0,16,0.4838709677419355,2.3125,0
S10,P207,31,24,12.0,7,0.7741935483870968,1.7142857142857142,1
S10,P208,31,12,66.0,19,0.3870967741935484,3.473684210526316,0
S10,P209,31,15,32.0,16,0.4838709677419355,2.0,0
S10,P210,31,21,24.0,10,0.6774193548387096,2.4,0
S10,P211,31,0,273.0,31,0.0,8.806451612903226,0
S10,P212,31,1,375.0,30,0.03225806451612903,12.5,0
S10,P213,31,0,320.0,31,0.0,10.32258064516129,0
S10,P214,31,15,56.0,16,0.4838709677419355,3.5,0
S10,P215,31,1,199.0,30,0.03225806451612903,6.633333333333334,0
S10,P216,31,6,93.0,25,0.1935483870967742,3.72,0
S10,P217,31,15,40.0,16,0.4838709677419355,2.5,0
S10,P218,31,2,170.0,29,0.06451612903225806,5.862068965517241,0
S10,P219,31,14,46.0,17,0.45161290322580644,2.7058823529411766,0
S10,P220,31,17,36.0,14,0.5483870967741935,2.5714285714285716,0
