experiment,problem,features,val_mae,val_rmse,val_mape,val_r2,test_mae,test_rmse,test_mape,test_r2,val_accuracy,val_precision,val_recall,val_f1,val_roc_auc,test_accuracy,test_precision,test_recall,test_f1,test_roc_auc
Experiment A,demand,22,11.285872191904174,16.00393303602341,224356839792568.2,0.9744374182871443,12.295718166271635,17.434271583165934,229540821158960.84,0.966914362427559,,,,,,,,,,
Experiment B,demand,32,11.234446646835764,15.91430501658551,216658850944027.53,0.9747229366019761,12.528797031228885,17.80987253508843,238065205284135.12,0.9654734235903779,,,,,,,,,,
Experiment C,demand,30,11.257818762067485,16.044300095030728,213875872453404.94,0.9743083015736073,12.304054001060658,17.436202193995275,224631368980501.88,0.9669070344441026,,,,,,,,,,
Experiment D,demand,39,10.232201317716774,15.341229981821032,111705205904383.89,0.9765106162217985,11.22241571860225,17.393302498246218,160805674722759.47,0.9670696767057173,,,,,,,,,,
Experiment E,demand,57,10.00458557344269,15.065672112492946,112231976659308.19,0.9773468664635916,11.477427950319624,17.482094262118437,168550557458010.84,0.9667326038855024,,,,,,,,,,
Experiment A,stockout,22,,,,,,,,,0.9980368098159509,0.4,0.2857142857142857,0.3333333333333333,0.9953645174884113,0.99914693964598,0.625,0.8333333333333334,0.7142857142857143,0.9997864616698697
Experiment B,stockout,32,,,,,,,,,0.9982822085889571,0.5,0.2857142857142857,0.36363636363636365,0.9983846045792948,0.999786734911495,1.0,0.8333333333333334,0.9090909090909091,0.9997864616698697
Experiment C,stockout,30,,,,,,,,,0.9982822085889571,0.5,0.5714285714285714,0.5333333333333333,0.9985953083298216,0.999360204734485,0.7142857142857143,0.8333333333333334,0.7692307692307693,0.9998932308349349
Experiment D,stockout,39,,,,,,,,,0.9992638036809816,0.7,1.0,0.8235294117647058,0.9998244135412278,0.999360204734485,0.7142857142857143,0.8333333333333334,0.7692307692307693,0.9997508719481815
Experiment E,stockout,57,,,,,,,,,0.9987730061349693,0.6,0.8571428571428571,0.7058823529411765,0.9996839443742098,0.999360204734485,0.7142857142857143,0.8333333333333334,0.7692307692307693,0.9999288205566232
