date,city,temp_c,rain_mm,holiday,festival,weekend,local_event
2026-08-01,Coimbatore,30.1,0.8,0,0,1,0
2026-08-01,Chennai,30.6,3.6,0,0,1,0
2026-08-01,Madurai,31.9,0.0,0,0,1,0
2026-08-01,Salem,31.4,2.1,0,0,1,0
2026-08-01,Tiruchirappalli,31.1,2.3,0,0,1,0
2026-08-01,Erode,31.2,0.2,0,0,1,0
2026-08-01,Tiruppur,28.7,5.8,0,0,1,0
2026-08-01,Tirunelveli,31.8,14.4,0,0,1,1
2026-08-01,Vellore,,2.6,0,0,1,0
2026-08-01,Thanjavur,28.8,4.6,0,0,1,0
2026-08-02,Coimbatore,31.6,3.1,0,0,1,0
2026-08-02,Chennai,34.9,8.6,0,0,1,0
2026-08-02,Madurai,29.9,0.0,0,0,1,0
2026-08-02,Salem,28.6,0.2,0,0,1,0
2026-08-02,Tiruchirappalli,33.4,5.4,0,0,1,0
2026-08-02,Erode,29.1,13.1,0,0,1,0
2026-08-02,Tiruppur,26.7,6.1,0,0,1,0
2026-08-02,Tirunelveli,30.1,0.9,0,0,1,0
2026-08-02,Vellore,33.4,2.6,0,0,1,0
2026-08-02,Thanjavur,35.3,0.0,0,0,1,0
2026-08-03,Coimbatore,28.9,0.0,0,0,0,0
2026-08-03,Chennai,34.2,4.6,0,0,0,0
2026-08-03,Madurai,31.9,11.2,0,0,0,0
2026-08-03,Salem,31.2,1.2,0,0,0,0
2026-08-03,Tiruchirappalli,30.5,3.4,0,0,0,0
2026-08-03,Erode,33.3,10.8,0,0,0,0
2026-08-03,Tiruppur,28.3,3.0,0,0,0,0
2026-08-03,Tirunelveli,32.6,3.2,0,0,0,0
2026-08-03,Vellore,34.3,3.0,0,0,0,0
2026-08-03,Thanjavur,31.9,0.0,0,0,0,0
2026-08-04,Coimbatore,30.7,0.0,0,0,0,0
2026-08-04,Chennai,33.1,0.9,0,0,0,0
2026-08-04,Madurai,29.4,1.1,0,0,0,1
2026-08-04,Salem,29.4,8.0,0,0,0,0
2026-08-04,Tiruchirappalli,30.2,0.0,0,0,0,1
2026-08-04,Erode,32.4,5.4,0,0,0,0
2026-08-04,Tiruppur,30.4,5.8,0,0,0,0
2026-08-04,Tirunelveli,30.8,1.7,0,0,0,0
2026-08-04,Vellore,31.8,0.7,0,0,0,0
2026-08-04,Thanjavur,31.3,9.8,0,0,0,0
2026-08-05,Coimbatore,31.1,6.6,0,0,0,0
2026-08-05,Chennai,32.4,0.1,0,0,0,0
2026-08-05,Madurai,30.6,0.0,0,0,0,0
2026-08-05,Salem,30.2,4.3,0,0,0,1
2026-08-05,Tiruchirappalli,32.2,1.5,0,0,0,0
2026-08-05,Erode,30.6,5.0,0,0,0,0
2026-08-05,Tiruppur,30.2,2.8,0,0,0,0
2026-08-05,Tirunelveli,,0.4,0,0,0,0
2026-08-05,Vellore,32.0,0.0,0,0,0,0
2026-08-05,Thanjavur,29.2,0.8,0,0,0,0
2026-08-06,Coimbatore,31.0,1.1,0,0,0,0
2026-08-06,Chennai,35.2,2.1,0,0,0,0
2026-08-06,Madurai,33.0,0.0,0,0,0,0
2026-08-06,Salem,30.7,5.8,0,0,0,0
2026-08-06,Tiruchirappalli,32.1,0.0,0,0,0,0
2026-08-06,Erode,28.5,0.4,0,0,0,0
2026-08-06,Tiruppur,29.5,0.0,0,0,0,1
2026-08-06,Tirunelveli,33.1,3.1,0,0,0,0
2026-08-06,Vellore,31.2,2.0,0,0,0,0
2026-08-06,Thanjavur,29.8,6.4,0,0,0,0
2026-08-07,Coimbatore,27.6,1.5,0,0,0,0
2026-08-07,Chennai,35.3,2.2,0,0,0,0
2026-08-07,Madurai,35.0,0.2,0,0,0,0
2026-08-07,Salem,30.3,4.2,0,0,0,0
2026-08-07,Tiruchirappalli,35.5,0.5,0,0,0,1
2026-08-07,Erode,28.3,7.8,0,0,0,1
2026-08-07,Tiruppur,32.1,0.0,0,0,0,0
2026-08-07,Tirunelveli,33.3,0.8,0,0,0,0
2026-08-07,Vellore,33.4,0.0,0,0,0,0
2026-08-07,Thanjavur,31.0,0.0,0,0,0,1
2026-08-08,Coimbatore,27.5,3.3,0,0,1,0
2026-08-08,Chennai,32.8,7.2,0,0,1,0
2026-08-08,Madurai,32.5,1.5,0,0,1,0
2026-08-08,Salem,30.7,3.6,0,0,1,0
2026-08-08,Tiruchirappalli,31.6,8.0,0,0,1,1
2026-08-08,Erode,33.8,0.6,0,0,1,0
2026-08-08,Tiruppur,28.7,1.7,0,0,1,0
2026-08-08,Tirunelveli,31.2,5.9,0,0,1,0
2026-08-08,Vellore,31.2,3.8,0,0,1,0
2026-08-08,Thanjavur,29.9,1.7,0,0,1,0
2026-08-09,Coimbatore,28.0,0.0,0,0,1,0
2026-08-09,Chennai,29.7,0.5,0,0,1,0
2026-08-09,Madurai,30.5,3.0,0,0,1,0
2026-08-09,Salem,28.1,6.1,0,0,1,0
2026-08-09,Tiruchirappalli,32.1,0.2,0,0,1,0
2026-08-09,Erode,26.7,8.8,0,0,1,1
2026-08-09,Tiruppur,31.3,0.8,0,0,1,0
2026-08-09,Tirunelveli,33.0,2.1,0,0,1,0
2026-08-09,Vellore,33.2,0.6,0,0,1,0
2026-08-09,Thanjavur,,9.4,0,0,1,0
2026-08-10,Coimbatore,30.8,0.0,0,0,0,0
2026-08-10,Chennai,31.2,2.5,0,0,0,0
2026-08-10,Madurai,33.7,3.6,0,0,0,0
2026-08-10,Salem,29.3,0.6,0,0,0,0
2026-08-10,Tiruchirappalli,30.9,4.0,0,0,0,0
2026-08-10,Erode,32.7,1.1,0,0,0,0
2026-08-10,Tiruppur,31.4,2.3,0,0,0,0
2026-08-10,Tirunelveli,29.5,0.0,0,0,0,0
2026-08-10,Vellore,31.2,0.0,0,0,0,0
2026-08-10,Thanjavur,29.9,6.7,0,0,0,0
2026-08-11,Coimbatore,29.9,4.3,0,0,0,0
2026-08-11,Chennai,31.5,0.7,0,0,0,1
2026-08-11,Madurai,29.4,3.0,0,0,0,0
2026-08-11,Salem,28.7,0.7,0,0,0,0
2026-08-11,Tiruchirappalli,32.9,0.8,0,0,0,1
2026-08-11,Erode,27.1,5.9,0,0,0,0
2026-08-11,Tiruppur,29.7,2.3,0,0,0,0
2026-08-11,Tirunelveli,33.4,2.1,0,0,0,0
2026-08-11,Vellore,34.4,0.0,0,0,0,0
2026-08-11,Thanjavur,34.9,0.0,0,0,0,0
2026-08-12,Coimbatore,28.2,9.4,0,0,0,0
2026-08-12,Chennai,32.4,2.3,0,0,0,0
2026-08-12,Madurai,31.2,0.0,0,0,0,0
2026-08-12,Salem,30.9,0.2,0,0,0,0
2026-08-12,Tiruchirappalli,30.7,5.1,0,0,0,0
2026-08-12,Erode,33.3,2.2,0,0,0,0
2026-08-12,Tiruppur,31.4,6.3,0,0,0,0
2026-08-12,Tirunelveli,32.1,4.1,0,0,0,0
2026-08-12,Vellore,35.2,0.0,0,0,0,0
2026-08-12,Thanjavur,33.3,0.0,0,0,0,1
2026-08-13,Coimbatore,30.6,,0,0,0,1
2026-08-13,Chennai,33.8,0.1,0,0,0,0
2026-08-13,Madurai,30.9,0.3,0,0,0,0
2026-08-13,Salem,29.5,2.1,0,0,0,0
2026-08-13,Tiruchirappalli,32.9,0.0,0,0,0,0
2026-08-13,Erode,27.3,3.6,0,0,0,0
2026-08-13,Tiruppur,30.7,2.8,0,0,0,1
2026-08-13,Tirunelveli,29.8,9.5,0,0,0,1
2026-08-13,Vellore,30.6,0.7,0,0,0,0
2026-08-13,Thanjavur,32.0,0.0,0,0,0,0
2026-08-14,Coimbatore,31.2,0.0,0,0,0,0
2026-08-14,Chennai,33.4,0.0,0,0,0,0
2026-08-14,Madurai,31.1,0.0,0,0,0,1
2026-08-14,Salem,31.8,6.3,0,0,0,1
2026-08-14,Tiruchirappalli,32.9,0.5,0,0,0,0
2026-08-14,Erode,31.8,6.6,0,0,0,0
2026-08-14,Tiruppur,32.3,5.2,0,0,0,1
2026-08-14,Tirunelveli,,2.4,0,0,0,0
2026-08-14,Vellore,34.4,2.8,0,0,0,0
2026-08-14,Thanjavur,33.7,0.4,0,0,0,0
2026-08-15,Coimbatore,28.5,6.5,1,0,1,0
2026-08-15,Chennai,30.1,0.0,1,0,1,1
2026-08-15,Madurai,31.7,0.0,1,0,1,0
2026-08-15,Salem,31.9,1.1,1,0,1,0
2026-08-15,Tiruchirappalli,34.9,6.2,1,0,1,0
2026-08-15,Erode,30.7,0.0,1,0,1,0
2026-08-15,Tiruppur,31.0,0.0,1,0,1,0
2026-08-15,Tirunelveli,31.8,0.9,1,0,1,0
2026-08-15,Vellore,31.2,1.1,1,0,1,1
2026-08-15,Thanjavur,30.0,3.1,1,0,1,0
2026-08-16,Coimbatore,26.7,0.3,0,0,1,1
2026-08-16,Chennai,33.1,0.0,0,0,1,0
2026-08-16,Madurai,29.1,0.8,0,0,1,1
2026-08-16,Salem,32.3,0.7,0,0,1,0
2026-08-16,Tiruchirappalli,30.0,3.8,0,0,1,0
2026-08-16,Erode,31.1,0.3,0,0,1,0
2026-08-16,Tiruppur,27.5,0.0,0,0,1,0
2026-08-16,Tirunelveli,32.7,0.0,0,0,1,0
2026-08-16,Vellore,31.4,6.1,0,0,1,0
2026-08-16,Thanjavur,31.8,0.9,0,0,1,0
2026-08-17,Coimbatore,26.5,0.1,0,0,0,0
2026-08-17,Chennai,31.2,0.7,0,0,0,0
2026-08-17,Madurai,31.9,8.5,0,0,0,0
2026-08-17,Salem,32.6,0.2,0,0,0,0
2026-08-17,Tiruchirappalli,32.5,0.0,0,0,0,0
2026-08-17,Erode,31.4,0.0,0,0,0,0
2026-08-17,Tiruppur,25.0,4.2,0,0,0,0
2026-08-17,Tirunelveli,33.0,1.3,0,0,0,0
2026-08-17,Vellore,33.3,1.3,0,0,0,0
2026-08-17,Thanjavur,32.4,5.5,0,0,0,0
2026-08-18,Coimbatore,29.7,0.0,0,0,0,0
2026-08-18,Chennai,31.3,0.4,0,0,0,0
2026-08-18,Madurai,31.6,1.0,0,0,0,0
2026-08-18,Salem,34.0,8.6,0,0,0,0
2026-08-18,Tiruchirappalli,33.7,1.0,0,0,0,0
2026-08-18,Erode,26.9,2.3,0,0,0,0
2026-08-18,Tiruppur,31.1,0.2,0,0,0,0
2026-08-18,Tirunelveli,33.1,1.9,0,0,0,0
2026-08-18,Vellore,29.5,4.7,0,0,0,0
2026-08-18,Thanjavur,33.9,0.0,0,0,0,0
2026-08-19,Coimbatore,30.9,0.4,0,0,0,0
2026-08-19,Chennai,34.7,1.7,0,0,0,0
2026-08-19,Madurai,35.9,0.0,0,0,0,0
2026-08-19,Salem,32.3,0.0,0,0,0,0
2026-08-19,Tiruchirappalli,32.2,7.6,0,0,0,0
2026-08-19,Erode,29.6,0.8,0,0,0,0
2026-08-19,Tiruppur,28.8,2.1,0,0,0,0
2026-08-19,Tirunelveli,34.8,1.3,0,0,0,0
2026-08-19,Vellore,31.8,3.0,0,0,0,0
2026-08-19,Thanjavur,29.9,4.0,0,0,0,0
2026-08-20,Coimbatore,30.9,1.3,0,0,0,0
2026-08-20,Chennai,33.3,3.3,0,1,0,0
2026-08-20,Madurai,30.8,8.5,0,0,0,1
2026-08-20,Salem,29.8,7.5,0,0,0,0
2026-08-20,Tiruchirappalli,29.4,1.4,0,0,0,0
2026-08-20,Erode,30.2,0.7,0,0,0,0
2026-08-20,Tiruppur,28.6,0.0,0,0,0,0
2026-08-20,Tirunelveli,31.8,0.8,0,0,0,0
2026-08-20,Vellore,33.8,0.9,0,0,0,0
2026-08-20,Thanjavur,33.9,1.3,0,0,0,0
2026-08-21,Coimbatore,27.3,0.0,0,0,0,1
2026-08-21,Chennai,,0.6,0,1,0,0
2026-08-21,Madurai,30.5,0.0,0,0,0,0
2026-08-21,Salem,27.6,1.3,0,0,0,0
2026-08-21,Tiruchirappalli,29.4,1.7,0,0,0,0
2026-08-21,Erode,28.8,1.0,0,0,0,0
2026-08-21,Tiruppur,31.7,10.2,0,0,0,0
2026-08-21,Tirunelveli,32.8,1.7,0,0,0,0
2026-08-21,Vellore,34.4,2.5,0,0,0,0
2026-08-21,Thanjavur,31.5,16.5,0,0,0,1
2026-08-22,Coimbatore,30.7,9.1,0,0,1,1
2026-08-22,Chennai,31.4,0.0,0,0,1,1
2026-08-22,Madurai,35.1,0.7,0,0,1,0
2026-08-22,Salem,26.4,5.8,0,0,1,0
2026-08-22,Tiruchirappalli,30.1,0.7,0,0,1,0
2026-08-22,Erode,27.9,2.9,0,0,1,0
2026-08-22,Tiruppur,32.7,4.9,0,0,1,0
2026-08-22,Tirunelveli,31.5,0.6,0,0,1,1
2026-08-22,Vellore,31.6,6.1,0,0,1,0
2026-08-22,Thanjavur,30.1,0.0,0,0,1,0
2026-08-23,Coimbatore,25.3,0.0,0,0,1,0
2026-08-23,Chennai,31.5,0.0,0,0,1,0
2026-08-23,Madurai,32.0,12.4,0,0,1,1
2026-08-23,Salem,31.7,17.6,0,0,1,0
2026-08-23,Tiruchirappalli,31.3,0.0,0,0,1,0
2026-08-23,Erode,29.0,3.1,0,0,1,0
2026-08-23,Tiruppur,26.4,0.2,0,0,1,0
2026-08-23,Tirunelveli,30.9,2.6,0,0,1,0
2026-08-23,Vellore,32.2,10.5,0,0,1,0
2026-08-23,Thanjavur,34.6,2.3,0,0,1,0
2026-08-24,Coimbatore,28.7,4.4,0,0,0,0
2026-08-24,Chennai,32.2,1.1,0,0,0,0
2026-08-24,Madurai,33.2,0.0,0,0,0,0
2026-08-24,Salem,31.4,3.4,0,0,0,0
2026-08-24,Tiruchirappalli,32.0,0.0,0,0,0,0
2026-08-24,Erode,30.7,6.8,0,0,0,0
2026-08-24,Tiruppur,28.0,0.0,0,0,0,0
2026-08-24,Tirunelveli,31.5,0.0,0,0,0,0
2026-08-24,Vellore,31.0,17.7,0,0,0,0
2026-08-24,Thanjavur,34.7,0.8,0,0,0,1
2026-08-25,Coimbatore,27.9,0.6,0,0,0,0
2026-08-25,Chennai,32.9,4.4,0,0,0,0
2026-08-25,Madurai,27.8,2.2,0,1,0,0
2026-08-25,Salem,34.7,4.4,0,0,0,0
2026-08-25,ChennaI,36.0,0.0,0,0,0,0
2026-08-25,Erode,30.6,6.9,0,0,0,1
2026-08-25,Tiruppur,27.2,2.2,0,0,0,0
2026-08-25,Tirunelveli,29.7,3.1,0,0,0,0
2026-08-25,Vellore,29.6,0.3,0,0,0,0
2026-08-25,Thanjavur,35.0,0.6,0,0,0,0
2026-08-26,Coimbatore,28.9,1.9,0,0,0,0
2026-08-26,Chennai,34.4,6.1,0,0,0,0
2026-08-26,Madurai,31.2,4.1,0,1,0,0
2026-08-26,Salem,29.4,0.0,0,0,0,0
2026-08-26,Tiruchirappalli,31.4,0.0,0,0,0,0
2026-08-26,Erode,29.4,1.0,0,0,0,0
2026-08-26,Tiruppur,30.0,0.0,0,0,0,0
2026-08-26,Tirunelveli,29.7,0.4,0,0,0,0
2026-08-26,Vellore,31.2,1.9,0,0,0,0
2026-08-26,Thanjavur,33.6,1.3,0,0,0,1
2026-08-27,Coimbatore,26.8,2.1,1,0,0,0
2026-08-27,Chennai,33.0,0.0,1,0,0,0
2026-08-27,Madurai,34.3,1.9,1,0,0,0
2026-08-27,Salem,29.7,6.7,1,0,0,0
2026-08-27,Tiruchirappalli,34.7,15.7,1,0,0,0
2026-08-27,Erode,29.9,1.9,1,0,0,0
2026-08-27,Tiruppur,29.8,5.4,1,0,0,1
2026-08-27,Tirunelveli,31.4,3.9,1,0,0,1
2026-08-27,Vellore,32.0,4.5,1,0,0,0
2026-08-27,Thanjavur,35.1,3.4,1,0,0,0
2026-08-28,Coimbatore,29.6,0.0,0,0,0,0
2026-08-28,Chennai,35.1,0.0,0,0,0,0
2026-08-28,Madurai,33.9,0.0,0,0,0,0
2026-08-28,Salem,31.4,0.0,0,0,0,0
2026-08-28,Tiruchirappalli,32.2,3.4,0,0,0,0
2026-08-28,Erode,26.3,6.5,0,0,0,0
2026-08-28,Tiruppur,,1.6,0,0,0,0
2026-08-28,Tirunelveli,28.6,3.6,0,0,0,0
2026-08-28,Vellore,30.9,1.6,0,0,0,0
2026-08-28,Thanjavur,32.2,3.3,0,0,0,0
2026-08-29,Coimbatore,30.4,0.0,0,0,1,0
2026-08-29,Chennai,34.6,3.8,0,0,1,1
2026-08-29,Madurai,32.7,2.6,0,0,1,0
2026-08-29,Salem,31.9,0.0,0,0,1,0
2026-08-29,Tiruchirappalli,27.8,0.8,0,0,1,0
2026-08-29,Erode,32.3,2.5,0,0,1,0
2026-08-29,Tiruppur,28.4,2.5,0,0,1,0
2026-08-29,Tirunelveli,29.3,0.1,0,0,1,0
2026-08-29,Vellore,31.0,0.0,0,0,1,0
2026-08-29,Thanjavur,31.0,3.0,0,0,1,0
2026-08-30,Coimbatore,28.8,0.0,0,0,1,0
2026-08-30,Chennai,34.0,0.5,0,0,1,0
2026-08-30,Madurai,30.7,0.4,0,0,1,0
2026-08-30,Salem,32.6,0.0,0,0,1,0
2026-08-30,Tiruchirappalli,32.0,0.2,0,0,1,0
2026-08-30,Erode,28.3,2.5,0,0,1,0
2026-08-30,Tiruppur,29.0,3.1,0,0,1,0
2026-08-30,Tirunelveli,31.8,0.7,0,0,1,0
2026-08-30,Vellore,33.5,2.2,0,0,1,0
2026-08-30,Thanjavur,32.9,0.0,0,0,1,0
2026-08-31,Coimbatore,30.6,0.0,0,0,0,0
2026-08-31,Chennai,30.6,1.2,0,0,0,0
2026-08-31,Madurai,32.7,1.0,0,0,0,0
2026-08-31,Salem,29.9,6.6,0,0,0,0
2026-08-31,Tiruchirappalli,33.5,8.4,0,0,0,0
2026-08-31,Erode,29.2,0.9,0,0,0,0
2026-08-31,Tiruppur,31.0,6.7,0,0,0,0
2026-08-31,Tirunelveli,34.2,0.2,0,0,0,0
2026-08-31,Vellore,32.6,10.9,0,0,0,0
2026-08-31,Thanjavur,31.2,5.1,0,0,0,1
