category,revenue,units_sold,observations,revenue_share,cumulative_revenue_share
Beverages,8386009.5,67559,4066,0.17090596956185658,0.17090596956185658
Fruits & Vegetables,7862927.0,27016,2869,0.16024560460241552,0.3311515741642721
Snacks,7595693.5,40184,3377,0.15479941468134417,0.48595098884561627
Dairy,5566221.0,26241,3194,0.11343898391726921,0.5993899727628855
Personal Care,5016079.0,31960,3360,0.10222714926495945,0.701617122027845
Household,4725836.0,35593,3732,0.09631202821441187,0.7979291502422569
Frozen,3642216.0,19594,3045,0.07422796943334097,0.8721571196755978
Staples,3156969.0,20785,2697,0.06433868788506915,0.936495807560667
Bakery,3116022.0,19829,2739,0.06350419243933308,1.0
