date,store_id,demand,revenue,stockouts
2026-07-31,S03,2,360.0,0
2026-08-01,S01,824,143937.0,0
2026-08-01,S02,1038,175987.0,1
2026-08-01,S03,858,146996.0,0
2026-08-01,S04,988,168093.0,0
2026-08-01,S05,955,171162.0,0
2026-08-01,S06,971,159596.0,1
2026-08-01,S07,827,139790.0,0
2026-08-01,S08,803,139089.0,0
2026-08-01,S09,986,169569.5,1
2026-08-01,S10,883,139652.0,0
2026-08-02,S01,888,160594.0,0
2026-08-02,S02,913,142347.5,0
2026-08-02,S03,905,146488.5,0
2026-08-02,S04,857,147304.0,0
2026-08-02,S05,1068,196687.5,0
2026-08-02,S06,813,150610.0,0
2026-08-02,S07,880,149655.0,0
2026-08-02,S08,826,133582.0,0
2026-08-02,S09,989,164937.0,0
2026-08-02,S10,886,157725.0,0
2026-08-03,S01,880,143005.5,0
2026-08-03,S02,877,141622.5,0
2026-08-03,S03,983,167871.5,0
2026-08-03,S04,861,143688.5,0
2026-08-03,S05,881,148420.0,0
2026-08-03,S06,806,143929.5,0
2026-08-03,S07,798,131922.0,0
2026-08-03,S08,1062,156422.0,0
2026-08-03,S09,920,160818.5,0
2026-08-03,S10,1078,183388.5,0
2026-08-04,S01,1057,181943.5,0
2026-08-04,S02,881,140578.0,0
2026-08-04,S03,794,138901.5,0
2026-08-04,S04,964,165269.5,0
2026-08-04,S05,1009,170672.0,0
2026-08-04,S06,994,162966.5,1
2026-08-04,S07,1023,174930.5,0
2026-08-04,S08,950,166035.0,0
2026-08-04,S09,941,148523.5,0
2026-08-04,S10,953,159661.5,0
2026-08-05,S01,926,179126.5,0
2026-08-05,S02,850,149395.0,0
2026-08-05,S03,987,167318.5,0
2026-08-05,S04,1007,164057.5,0
2026-08-05,S05,1075,181766.0,0
2026-08-05,S06,985,155974.5,0
2026-08-05,S07,824,139356.0,1
2026-08-05,S08,934,170914.0,0
2026-08-05,S09,893,146406.5,0
2026-08-05,S10,980,157679.0,0
2026-08-06,S01,912,143277.5,0
2026-08-06,S02,887,148391.0,0
2026-08-06,S03,926,152480.0,0
2026-08-06,S04,865,156183.5,0
2026-08-06,S05,986,155315.0,0
2026-08-06,S06,878,170625.5,0
2026-08-06,S07,1082,191427.0,0
2026-08-06,S08,873,141184.5,0
2026-08-06,S09,837,135082.0,0
2026-08-06,S10,1028,150393.0,0
2026-08-07,S01,935,161458.5,0
2026-08-07,S02,926,147055.5,0
2026-08-07,S03,792,134575.0,0
2026-08-07,S04,788,139079.0,0
2026-08-07,S05,1014,172941.5,1
2026-08-07,S06,929,154726.0,0
2026-08-07,S07,1021,193452.5,0
2026-08-07,S08,1023,177493.5,1
2026-08-07,S09,1114,183690.0,0
2026-08-07,S10,946,153925.0,0
2026-08-08,S01,951,170559.5,0
2026-08-08,S02,1005,555709.0,0
2026-08-08,S03,902,144694.5,0
2026-08-08,S04,873,127454.5,0
2026-08-08,S05,977,170518.0,0
2026-08-08,S06,897,164614.0,0
2026-08-08,S07,1071,173001.0,0
2026-08-08,S08,807,121896.5,0
2026-08-08,S09,988,150505.0,0
2026-08-08,S10,908,161873.0,0
2026-08-09,S01,867,150847.5,0
2026-08-09,S02,916,174458.5,0
2026-08-09,S03,882,152019.0,0
2026-08-09,S04,1044,161535.5,0
2026-08-09,S05,1025,162347.0,0
2026-08-09,S06,918,158980.5,0
2026-08-09,S07,789,120239.0,0
2026-08-09,S08,1042,192990.5,1
2026-08-09,S09,876,148006.0,0
2026-08-09,S10,985,161972.5,2
2026-08-10,S01,885,148196.0,0
2026-08-10,S02,1041,187382.5,0
2026-08-10,S03,1000,169865.5,0
2026-08-10,S04,933,150403.0,0
2026-08-10,S05,848,142329.0,0
2026-08-10,S06,817,135933.0,0
2026-08-10,S07,887,149851.5,0
2026-08-10,S08,1004,179070.0,0
2026-08-10,S09,972,173745.5,0
2026-08-10,S10,837,127467.0,0
2026-08-11,S01,816,121730.0,0
2026-08-11,S02,956,156457.5,1
2026-08-11,S03,825,123968.5,0
2026-08-11,S04,983,170029.5,0
2026-08-11,S05,1047,178882.5,0
2026-08-11,S06,1007,163299.0,0
2026-08-11,S07,1011,166517.0,0
2026-08-11,S08,1027,180320.5,0
2026-08-11,S09,971,164186.0,0
2026-08-11,S10,853,149895.5,0
2026-08-12,S01,859,143594.5,0
2026-08-12,S02,962,164439.5,1
2026-08-12,S03,950,168507.0,0
2026-08-12,S04,891,157177.5,0
2026-08-12,S05,838,148704.5,0
2026-08-12,S06,821,137773.0,0
2026-08-12,S07,857,139062.5,0
2026-08-12,S08,947,159909.5,1
2026-08-12,S09,883,146817.0,0
2026-08-12,S10,911,153844.5,0
2026-08-13,S01,1007,173254.5,0
2026-08-13,S02,1010,174261.5,0
2026-08-13,S03,784,131776.0,0
2026-08-13,S04,1085,175178.5,0
2026-08-13,S05,925,141595.5,1
2026-08-13,S06,808,142764.0,0
2026-08-13,S07,878,152443.5,0
2026-08-13,S08,869,150974.5,0
2026-08-13,S09,974,154532.5,0
2026-08-13,S10,849,135302.5,0
2026-08-14,S01,1076,206650.0,0
2026-08-14,S02,1007,165911.0,0
2026-08-14,S03,823,143075.0,2
2026-08-14,S04,954,167913.5,0
2026-08-14,S05,940,160776.0,0
2026-08-14,S06,846,140624.5,0
2026-08-14,S07,779,130163.5,0
2026-08-14,S08,1051,189977.0,0
2026-08-14,S09,855,144394.5,1
2026-08-14,S10,960,173743.0,0
2026-08-15,S01,1058,191052.5,0
2026-08-15,S02,1038,194934.0,0
2026-08-15,S03,770,126486.5,0
2026-08-15,S04,886,151390.0,0
2026-08-15,S05,932,156220.5,0
2026-08-15,S06,1016,169693.5,0
2026-08-15,S07,850,134574.5,0
2026-08-15,S08,970,152248.0,0
2026-08-15,S09,885,142057.0,0
2026-08-15,S10,881,136545.5,0
2026-08-16,S01,874,148220.5,1
2026-08-16,S02,951,163078.0,0
2026-08-16,S03,1005,174630.0,0
2026-08-16,S04,932,164167.5,0
2026-08-16,S05,1093,186681.5,0
2026-08-16,S06,1007,159849.5,0
2026-08-16,S07,994,162730.5,0
2026-08-16,S08,1119,186317.5,0
2026-08-16,S09,836,155923.5,0
2026-08-16,S10,811,143581.0,1
2026-08-17,S01,850,155542.5,0
2026-08-17,S02,1005,172944.0,0
2026-08-17,S03,1033,163462.0,0
2026-08-17,S04,818,131872.0,0
2026-08-17,S05,989,173008.5,0
2026-08-17,S06,1078,181419.0,0
2026-08-17,S07,934,153919.0,0
2026-08-17,S08,785,120349.5,0
2026-08-17,S09,861,135062.0,0
2026-08-17,S10,781,125175.5,0
2026-08-18,S01,899,148325.5,0
2026-08-18,S02,825,133280.0,0
2026-08-18,S03,781,141431.5,0
2026-08-18,S04,950,160265.5,0
2026-08-18,S05,827,139800.0,0
2026-08-18,S06,1003,177441.0,0
2026-08-18,S07,830,128298.5,0
2026-08-18,S08,914,159372.5,0
2026-08-18,S09,1059,171996.5,0
2026-08-18,S10,797,135873.5,0
2026-08-19,S01,902,157678.0,0
2026-08-19,S02,999,160732.0,0
2026-08-19,S03,1024,167595.0,0
2026-08-19,S04,983,178506.0,0
2026-08-19,S05,1050,176354.5,1
2026-08-19,S06,921,147625.5,0
2026-08-19,S07,1025,157581.0,0
2026-08-19,S08,1041,181024.0,0
2026-08-19,S09,964,163650.5,0
2026-08-19,S10,980,160823.5,0
2026-08-20,S01,961,165253.0,0
2026-08-20,S02,1081,178134.5,0
2026-08-20,S03,966,162938.0,1
2026-08-20,S04,1018,161493.5,0
2026-08-20,S05,1081,197824.5,0
2026-08-20,S06,856,131080.5,0
2026-08-20,S07,845,142280.0,0
2026-08-20,S08,887,142669.0,0
2026-08-20,S09,1044,168611.5,0
2026-08-20,S10,981,165356.0,0
2026-08-21,S01,883,157343.0,0
2026-08-21,S02,898,148409.5,0
2026-08-21,S03,823,129800.0,1
2026-08-21,S04,822,124670.5,0
2026-08-21,S05,835,141597.0,0
2026-08-21,S06,1005,172047.5,0
2026-08-21,S07,1025,166111.5,0
2026-08-21,S08,974,162703.0,0
2026-08-21,S09,952,153854.0,0
2026-08-21,S10,946,158469.0,0
2026-08-22,S01,1010,179822.5,0
2026-08-22,S02,870,136609.0,0
2026-08-22,S03,922,150280.0,2
2026-08-22,S04,1080,194614.5,0
2026-08-22,S05,869,156786.5,0
2026-08-22,S06,949,161991.5,0
2026-08-22,S07,844,140318.5,1
2026-08-22,S08,849,137175.5,0
2026-08-22,S09,1057,169473.0,0
2026-08-22,S10,1030,165818.5,0
2026-08-23,S01,991,166397.5,0
2026-08-23,S02,973,167184.0,0
2026-08-23,S03,887,160505.0,0
2026-08-23,S04,956,174267.0,0
2026-08-23,S05,1007,177797.0,0
2026-08-23,S06,1020,163983.0,0
2026-08-23,S07,916,149587.5,0
2026-08-23,S08,918,153411.5,0
2026-08-23,S09,790,140133.0,0
2026-08-23,S10,955,165291.5,0
2026-08-24,S01,935,168029.0,0
2026-08-24,S02,928,159273.0,0
2026-08-24,S03,1007,165367.0,1
2026-08-24,S04,968,157913.0,0
2026-08-24,S05,867,139262.5,0
2026-08-24,S06,950,141846.0,0
2026-08-24,S07,925,149789.5,0
2026-08-24,S08,946,159153.0,0
2026-08-24,S09,808,152185.0,0
2026-08-24,S10,970,157542.0,0
2026-08-25,S01,813,142015.0,0
2026-08-25,S02,883,149867.5,0
2026-08-25,S03,983,148343.5,0
2026-08-25,S04,858,148472.0,0
2026-08-25,S05,872,135907.0,1
2026-08-25,S06,907,169439.0,0
2026-08-25,S07,864,143292.5,0
2026-08-25,S08,1038,172985.5,0
2026-08-25,S09,805,140624.0,0
2026-08-25,S10,886,139498.5,0
2026-08-26,S01,952,167401.5,0
2026-08-26,S02,863,152861.5,0
2026-08-26,S03,979,155722.0,0
2026-08-26,S04,827,132295.5,0
2026-08-26,S05,829,152712.5,0
2026-08-26,S06,867,147929.5,0
2026-08-26,S07,1045,183389.0,0
2026-08-26,S08,1007,175952.0,0
2026-08-26,S09,1032,168427.5,0
2026-08-26,S10,1029,194536.5,0
2026-08-27,S01,858,142733.0,0
2026-08-27,S02,954,175906.5,0
2026-08-27,S03,853,148647.5,0
2026-08-27,S04,975,169592.5,0
2026-08-27,S05,835,131276.5,0
2026-08-27,S06,865,135940.0,0
2026-08-27,S07,998,164684.0,0
2026-08-27,S08,885,143217.5,0
2026-08-27,S09,883,158071.5,0
2026-08-27,S10,855,135411.5,1
2026-08-28,S01,849,130310.0,0
2026-08-28,S02,996,175080.0,0
2026-08-28,S03,918,146822.5,0
2026-08-28,S04,812,126137.0,0
2026-08-28,S05,1006,167890.5,0
2026-08-28,S06,1097,186958.0,0
2026-08-28,S07,838,144816.5,0
2026-08-28,S08,944,157020.0,0
2026-08-28,S09,870,136832.5,0
2026-08-28,S10,896,150452.0,0
2026-08-29,S01,933,162397.0,0
2026-08-29,S02,1042,170375.0,0
2026-08-29,S03,973,150108.0,1
2026-08-29,S04,828,143371.0,0
2026-08-29,S05,1048,191662.5,0
2026-08-29,S06,967,155163.5,0
2026-08-29,S07,817,138041.0,0
2026-08-29,S08,863,170157.0,0
2026-08-29,S09,1069,195313.5,0
2026-08-29,S10,962,170322.5,0
2026-08-30,S01,881,150108.0,0
2026-08-30,S02,1020,169276.0,0
2026-08-30,S03,1062,175250.5,0
2026-08-30,S04,1095,214391.5,1
2026-08-30,S05,915,145554.5,0
2026-08-30,S06,1029,171982.0,0
2026-08-30,S07,815,134527.0,0
2026-08-30,S08,948,164183.0,0
2026-08-30,S09,941,155592.0,1
2026-08-30,S10,921,145742.5,1
2026-08-31,S01,1038,153164.0,0
2026-08-31,S02,917,162271.0,0
2026-08-31,S03,880,142194.5,0
2026-08-31,S04,854,140993.5,0
2026-08-31,S05,995,171728.5,0
2026-08-31,S06,919,152064.5,0
2026-08-31,S07,916,160055.0,0
2026-08-31,S08,1042,171374.0,0
2026-08-31,S09,834,143141.5,0
2026-08-31,S10,877,146341.0,0
2026-09-01,S03,1,42.5,0
