store_id,product_id,recent_7_day_demand,previous_7_day_demand,demand_momentum_ratio,demand_change_percentage,history_days,momentum_regime
S01,P101,113.0,93.0,1.2150537634408602,21.505376344086024,31.0,accelerating
S01,P102,6.0,8.0,0.75,-25.0,28.0,declining
S01,P103,156.0,139.0,1.1223021582733812,12.230215827338121,31.0,stable
S01,P104,33.0,28.0,1.1785714285714286,17.85714285714286,31.0,stable
S01,P105,11.0,15.0,0.7333333333333333,-26.66666666666667,30.0,declining
S01,P106,6.0,4.0,1.5,50.0,30.0,accelerating
S01,P107,11.0,2.0,5.5,450.0,30.0,accelerating
S01,P108,7.0,15.0,0.4666666666666667,-53.333333333333336,31.0,declining
S01,P109,55.0,44.0,1.25,25.0,31.0,accelerating
S01,P110,779.0,778.0,1.0012853470437018,0.12853470437017567,31.0,stable
S01,P111,52.0,38.0,1.368421052631579,36.8421052631579,31.0,accelerating
S01,P112,10.0,11.0,0.9090909090909091,-9.090909090909093,30.0,stable
S01,P113,18.0,19.0,0.9473684210526315,-5.263157894736848,31.0,stable
S01,P114,38.0,40.0,0.95,-5.000000000000004,31.0,stable
S01,P115,12.0,5.0,2.4,140.0,27.0,accelerating
S01,P116,37.0,34.0,1.088235294117647,8.823529411764696,30.0,stable
S01,P117,21.0,23.0,0.9130434782608695,-8.695652173913048,30.0,stable
S01,P118,15.0,11.0,1.3636363636363635,36.36363636363635,31.0,accelerating
S01,P119,17.0,10.0,1.7,70.0,27.0,accelerating
S01,P120,24.0,23.0,1.0434782608695652,4.347826086956519,31.0,stable
S01,P121,10.0,5.0,2.0,100.0,31.0,accelerating
S01,P122,20.0,25.0,0.8,-19.999999999999996,31.0,declining
S01,P123,103.0,142.0,0.7253521126760564,-27.464788732394364,31.0,declining
S01,P124,56.0,74.0,0.7567567567567568,-24.32432432432432,31.0,declining
S01,P125,21.0,28.0,0.75,-25.0,31.0,declining
S01,P126,101.0,61.0,1.6557377049180328,65.57377049180329,31.0,accelerating
S01,P127,171.0,215.0,0.7953488372093023,-20.465116279069772,31.0,declining
S01,P128,20.0,22.0,0.9090909090909091,-9.090909090909093,30.0,stable
S01,P129,95.0,100.0,0.95,-5.000000000000004,31.0,stable
S01,P130,195.0,210.0,0.9285714285714286,-7.14285714285714,31.0,stable
S01,P131,92.0,110.0,0.8363636363636363,-16.36363636363637,31.0,stable
S01,P132,42.0,55.0,0.7636363636363637,-23.636363636363633,31.0,declining
S01,P133,276.0,249.0,1.108433734939759,10.843373493975905,31.0,stable
S01,P134,91.0,124.0,0.7338709677419355,-26.61290322580645,31.0,declining
S01,P135,41.0,39.0,1.0512820512820513,5.128205128205132,31.0,stable
S01,P136,17.0,7.0,2.4285714285714284,142.85714285714283,31.0,accelerating
S01,P137,82.0,81.0,1.0123456790123457,1.2345679012345734,31.0,stable
S01,P138,35.0,55.0,0.6363636363636364,-36.36363636363637,31.0,declining
S01,P139,12.0,18.0,0.6666666666666666,-33.333333333333336,31.0,declining
S01,P140,20.0,8.0,2.5,150.0,31.0,accelerating
S01,P141,18.0,22.0,0.8181818181818182,-18.181818181818176,31.0,stable
S01,P142,20.0,8.0,2.5,150.0,31.0,accelerating
S01,P143,41.0,42.0,0.9761904761904762,-2.3809523809523836,31.0,stable
S01,P144,55.0,32.0,1.71875,71.875,31.0,accelerating
S01,P145,14.0,31.0,0.45161290322580644,-54.83870967741935,30.0,declining
S01,P146,67.0,77.0,0.8701298701298701,-12.987012987012992,31.0,stable
S01,P147,47.0,33.0,1.4242424242424243,42.42424242424243,31.0,accelerating
S01,P148,10.0,17.0,0.5882352941176471,-41.17647058823529,30.0,declining
S01,P149,21.0,26.0,0.8076923076923077,-19.23076923076923,31.0,stable
S01,P150,17.0,13.0,1.3076923076923077,30.76923076923077,30.0,accelerating
S01,P151,15.0,17.0,0.8823529411764706,-11.764705882352944,31.0,stable
S01,P152,90.0,83.0,1.0843373493975903,8.43373493975903,31.0,stable
S01,P153,48.0,47.0,1.0212765957446808,2.127659574468077,31.0,stable
S01,P154,15.0,18.0,0.8333333333333334,-16.666666666666664,28.0,stable
S01,P155,36.0,20.0,1.8,80.0,31.0,accelerating
S01,P156,84.0,72.0,1.1666666666666667,16.666666666666675,31.0,stable
S01,P157,31.0,37.0,0.8378378378378378,-16.216216216216218,31.0,stable
S01,P158,204.0,246.0,0.8292682926829268,-17.07317073170732,31.0,stable
S01,P159,197.0,158.0,1.2468354430379747,24.68354430379747,31.0,accelerating
S01,P160,3.0,7.0,0.42857142857142855,-57.14285714285714,27.0,declining
S01,P161,124.0,117.0,1.0598290598290598,5.982905982905984,31.0,stable
S01,P162,2.0,8.0,0.25,-75.0,21.0,declining
S01,P163,131.0,118.0,1.1101694915254237,11.016949152542367,31.0,stable
S01,P164,51.0,28.0,1.8214285714285714,82.14285714285714,31.0,accelerating
S01,P165,3.0,13.0,0.23076923076923078,-76.92307692307692,28.0,declining
S01,P166,23.0,40.0,0.575,-42.50000000000001,31.0,declining
S01,P167,5.0,4.0,1.25,25.0,30.0,accelerating
S01,P168,15.0,11.0,1.3636363636363635,36.36363636363635,29.0,accelerating
S01,P169,56.0,68.0,0.8235294117647058,-17.647058823529417,31.0,stable
S01,P170,10.0,18.0,0.5555555555555556,-44.44444444444444,27.0,declining
S01,P171,23.0,34.0,0.6764705882352942,-32.35294117647059,30.0,declining
S01,P172,13.0,43.0,0.3023255813953488,-69.76744186046511,29.0,declining
S01,P173,9.0,20.0,0.45,-55.00000000000001,29.0,declining
S01,P174,4.0,7.0,0.5714285714285714,-42.85714285714286,29.0,declining
S01,P175,10.0,8.0,1.25,25.0,31.0,accelerating
S01,P176,141.0,147.0,0.9591836734693877,-4.081632653061229,31.0,stable
S01,P177,38.0,22.0,1.7272727272727273,72.72727272727273,30.0,accelerating
S01,P178,16.0,28.0,0.5714285714285714,-42.85714285714286,31.0,declining
S01,P179,15.0,4.0,3.75,275.0,31.0,accelerating
S01,P180,67.0,103.0,0.6504854368932039,-34.95145631067961,31.0,declining
S01,P181,29.0,31.0,0.9354838709677419,-6.451612903225811,31.0,stable
S01,P182,22.0,26.0,0.8461538461538461,-15.384615384615385,27.0,stable
S01,P183,324.0,341.0,0.9501466275659824,-4.985337243401755,31.0,stable
S01,P184,12.0,8.0,1.5,50.0,29.0,accelerating
S01,P185,36.0,42.0,0.8571428571428571,-14.28571428571429,31.0,stable
S01,P186,57.0,71.0,0.8028169014084507,-19.718309859154925,31.0,stable
S01,P187,54.0,46.0,1.173913043478261,17.391304347826097,31.0,stable
S01,P188,45.0,65.0,0.6923076923076923,-30.76923076923077,31.0,declining
S01,P189,24.0,17.0,1.411764705882353,41.176470588235304,31.0,accelerating
S01,P190,16.0,13.0,1.2307692307692308,23.076923076923084,29.0,accelerating
S01,P191,29.0,48.0,0.6041666666666666,-39.583333333333336,30.0,declining
S01,P192,39.0,57.0,0.6842105263157895,-31.57894736842105,31.0,declining
S01,P193,43.0,80.0,0.5375,-46.25,31.0,declining
S01,P194,41.0,36.0,1.1388888888888888,13.888888888888884,31.0,stable
S01,P195,87.0,71.0,1.2253521126760563,22.535211267605625,31.0,accelerating
S01,P196,37.0,34.0,1.088235294117647,8.823529411764696,31.0,stable
S01,P197,19.0,14.0,1.3571428571428572,35.71428571428572,31.0,accelerating
S01,P198,40.0,21.0,1.9047619047619047,90.47619047619047,31.0,accelerating
S01,P199,141.0,160.0,0.88125,-11.875000000000002,31.0,stable
S01,P200,74.0,66.0,1.121212121212121,12.12121212121211,31.0,stable
S01,P201,167.0,145.0,1.1517241379310346,15.172413793103456,31.0,stable
S01,P202,9.0,1.0,9.0,800.0,26.0,accelerating
S01,P203,8.0,19.0,0.42105263157894735,-57.89473684210527,21.0,declining
S01,P204,13.0,8.0,1.625,62.5,30.0,accelerating
S01,P205,12.0,6.0,2.0,100.0,30.0,accelerating
S01,P206,6.0,9.0,0.6666666666666666,-33.333333333333336,31.0,declining
S01,P207,2.0,2.0,1.0,0.0,25.0,stable
S01,P208,13.0,17.0,0.7647058823529411,-23.529411764705888,29.0,declining
S01,P209,12.0,4.0,3.0,200.0,27.0,accelerating
S01,P210,2.0,8.0,0.25,-75.0,27.0,declining
S01,P211,50.0,50.0,1.0,0.0,31.0,stable
S01,P212,62.0,66.0,0.9393939393939394,-6.060606060606055,31.0,stable
S01,P213,57.0,63.0,0.9047619047619048,-9.523809523809524,31.0,stable
S01,P214,16.0,14.0,1.1428571428571428,14.28571428571428,30.0,stable
S01,P215,47.0,26.0,1.8076923076923077,80.76923076923077,31.0,accelerating
S01,P216,14.0,27.0,0.5185185185185185,-48.14814814814815,30.0,declining
S01,P217,11.0,8.0,1.375,37.5,30.0,accelerating
S01,P218,30.0,35.0,0.8571428571428571,-14.28571428571429,31.0,stable
S01,P219,5.0,27.0,0.18518518518518517,-81.4814814814815,31.0,declining
S01,P220,6.0,5.0,1.2,19.999999999999996,29.0,stable
S02,P101,117.0,109.0,1.073394495412844,7.339449541284404,31.0,stable
S02,P102,3.0,1.0,3.0,200.0,20.0,accelerating
S02,P103,163.0,172.0,0.9476744186046512,-5.232558139534882,31.0,stable
S02,P104,24.0,38.0,0.631578947368421,-36.8421052631579,31.0,declining
S02,P105,4.0,14.0,0.2857142857142857,-71.42857142857143,28.0,declining
S02,P106,8.0,13.0,0.6153846153846154,-38.46153846153846,27.0,declining
S02,P107,2.0,3.0,0.6666666666666666,-33.333333333333336,22.0,declining
S02,P108,11.0,3.0,3.6666666666666665,266.66666666666663,24.0,accelerating
S02,P109,73.0,41.0,1.7804878048780488,78.04878048780488,31.0,accelerating
S02,P110,841.0,864.0,0.9733796296296297,-2.662037037037035,31.0,stable
S02,P111,49.0,54.0,0.9074074074074074,-9.259259259259256,31.0,stable
S02,P112,12.0,14.0,0.8571428571428571,-14.28571428571429,31.0,stable
S02,P113,30.0,14.0,2.142857142857143,114.28571428571428,31.0,accelerating
S02,P114,9.0,24.0,0.375,-62.5,31.0,declining
S02,P115,6.0,14.0,0.42857142857142855,-57.14285714285714,27.0,declining
S02,P116,21.0,33.0,0.6363636363636364,-36.36363636363637,31.0,declining
S02,P117,34.0,13.0,2.6153846153846154,161.53846153846155,31.0,accelerating
S02,P118,41.0,29.0,1.4137931034482758,41.37931034482758,31.0,accelerating
S02,P119,19.0,16.0,1.1875,18.75,30.0,stable
S02,P120,21.0,24.0,0.875,-12.5,30.0,stable
S02,P121,9.0,5.0,1.8,80.0,31.0,accelerating
S02,P122,17.0,25.0,0.68,-31.999999999999996,31.0,declining
S02,P123,111.0,137.0,0.8102189781021898,-18.97810218978102,31.0,stable
S02,P124,61.0,81.0,0.7530864197530864,-24.691358024691358,31.0,declining
S02,P125,15.0,5.0,3.0,200.0,31.0,accelerating
S02,P126,75.0,94.0,0.7978723404255319,-20.21276595744681,31.0,declining
S02,P127,134.0,169.0,0.7928994082840237,-20.710059171597628,31.0,declining
S02,P128,32.0,31.0,1.032258064516129,3.2258064516129004,31.0,stable
S02,P129,121.0,108.0,1.1203703703703705,12.037037037037045,31.0,stable
S02,P130,248.0,184.0,1.3478260869565217,34.78260869565217,31.0,accelerating
S02,P131,103.0,119.0,0.865546218487395,-13.4453781512605,31.0,stable
S02,P132,66.0,51.0,1.2941176470588236,29.41176470588236,31.0,accelerating
S02,P133,264.0,221.0,1.1945701357466063,19.457013574660632,31.0,stable
S02,P134,77.0,100.0,0.77,-23.0,31.0,declining
S02,P135,61.0,50.0,1.22,21.999999999999996,31.0,accelerating
S02,P136,5.0,3.0,1.6666666666666667,66.66666666666667,28.0,accelerating
S02,P137,79.0,119.0,0.6638655462184874,-33.61344537815126,31.0,declining
S02,P138,69.0,48.0,1.4375,43.75,31.0,accelerating
S02,P139,25.0,15.0,1.6666666666666667,66.66666666666667,30.0,accelerating
S02,P140,43.0,24.0,1.7916666666666667,79.16666666666667,31.0,accelerating
S02,P141,40.0,20.0,2.0,100.0,31.0,accelerating
S02,P142,16.0,16.0,1.0,0.0,30.0,stable
S02,P143,55.0,31.0,1.7741935483870968,77.41935483870968,31.0,accelerating
S02,P144,27.0,37.0,0.7297297297297297,-27.027027027027028,31.0,declining
S02,P145,17.0,21.0,0.8095238095238095,-19.047619047619047,31.0,stable
S02,P146,55.0,74.0,0.7432432432432432,-25.67567567567568,31.0,declining
S02,P147,49.0,38.0,1.2894736842105263,28.947368421052634,31.0,accelerating
S02,P148,11.0,11.0,1.0,0.0,31.0,stable
S02,P149,27.0,17.0,1.588235294117647,58.823529411764696,31.0,accelerating
S02,P150,18.0,16.0,1.125,12.5,31.0,stable
S02,P151,4.0,13.0,0.3076923076923077,-69.23076923076923,29.0,declining
S02,P152,70.0,62.0,1.1290322580645162,12.903225806451623,31.0,stable
S02,P153,68.0,59.0,1.152542372881356,15.254237288135597,31.0,stable
S02,P154,27.0,18.0,1.5,50.0,31.0,accelerating
S02,P155,44.0,27.0,1.6296296296296295,62.962962962962955,31.0,accelerating
S02,P156,75.0,68.0,1.1029411764705883,10.294117647058831,31.0,stable
S02,P157,34.0,42.0,0.8095238095238095,-19.047619047619047,31.0,stable
S02,P158,131.0,151.0,0.8675496688741722,-13.245033112582782,31.0,stable
S02,P159,223.0,175.0,1.2742857142857142,27.428571428571423,31.0,accelerating
S02,P160,6.0,2.0,3.0,200.0,24.0,accelerating
S02,P161,105.0,117.0,0.8974358974358975,-10.256410256410254,31.0,stable
S02,P162,3.0,,,,1.0,
S02,P163,144.0,152.0,0.9473684210526315,-5.263157894736848,31.0,stable
S02,P164,17.0,15.0,1.1333333333333333,13.33333333333333,31.0,stable
S02,P165,3.0,0.0,,,31.0,
S02,P166,58.0,39.0,1.4871794871794872,48.71794871794872,31.0,accelerating
S02,P167,4.0,7.0,0.5714285714285714,-42.85714285714286,30.0,declining
S02,P168,21.0,13.0,1.6153846153846154,61.53846153846154,30.0,accelerating
S02,P169,49.0,53.0,0.9245283018867925,-7.547169811320753,31.0,stable
S02,P170,5.0,8.0,0.625,-37.5,31.0,declining
S02,P171,42.0,28.0,1.5,50.0,31.0,accelerating
S02,P172,17.0,23.0,0.7391304347826086,-26.086956521739136,31.0,declining
S02,P173,12.0,4.0,3.0,200.0,28.0,accelerating
S02,P174,15.0,7.0,2.142857142857143,114.28571428571428,25.0,accelerating
S02,P175,9.0,8.0,1.125,12.5,31.0,stable
S02,P176,181.0,184.0,0.9836956521739131,-1.6304347826086918,31.0,stable
S02,P177,18.0,26.0,0.6923076923076923,-30.76923076923077,30.0,declining
S02,P178,33.0,21.0,1.5714285714285714,57.14285714285714,31.0,accelerating
S02,P179,3.0,3.0,1.0,0.0,30.0,stable
S02,P180,77.0,98.0,0.7857142857142857,-21.42857142857143,31.0,declining
S02,P181,41.0,34.0,1.2058823529411764,20.58823529411764,31.0,accelerating
S02,P182,6.0,9.0,0.6666666666666666,-33.333333333333336,28.0,declining
S02,P183,316.0,317.0,0.9968454258675079,-0.3154574132492094,31.0,stable
S02,P184,12.0,6.0,2.0,100.0,31.0,accelerating
S02,P185,19.0,51.0,0.37254901960784315,-62.745098039215684,30.0,declining
S02,P186,54.0,81.0,0.6666666666666666,-33.333333333333336,31.0,declining
S02,P187,49.0,69.0,0.7101449275362319,-28.985507246376805,31.0,declining
S02,P188,88.0,81.0,1.0864197530864197,8.64197530864197,31.0,stable
S02,P189,11.0,16.0,0.6875,-31.25,29.0,declining
S02,P190,21.0,7.0,3.0,200.0,31.0,accelerating
S02,P191,37.0,39.0,0.9487179487179487,-5.128205128205132,31.0,stable
S02,P192,30.0,58.0,0.5172413793103449,-48.275862068965516,31.0,declining
S02,P193,53.0,61.0,0.8688524590163934,-13.11475409836066,31.0,stable
S02,P194,35.0,25.0,1.4,39.99999999999999,31.0,accelerating
S02,P195,82.0,74.0,1.1081081081081081,10.81081081081081,31.0,stable
S02,P196,42.0,52.0,0.8076923076923077,-19.23076923076923,31.0,stable
S02,P197,13.0,52.0,0.25,-75.0,31.0,declining
S02,P198,22.0,27.0,0.8148148148148148,-18.518518518518523,31.0,stable
S02,P199,150.0,124.0,1.2096774193548387,20.967741935483875,31.0,accelerating
S02,P200,80.0,77.0,1.0389610389610389,3.8961038961038863,31.0,stable
S02,P201,166.0,126.0,1.3174603174603174,31.746031746031743,31.0,accelerating
S02,P202,3.0,3.0,1.0,0.0,21.0,stable
S02,P203,8.0,2.0,4.0,300.0,29.0,accelerating
S02,P204,2.0,4.0,0.5,-50.0,31.0,declining
S02,P205,17.0,18.0,0.9444444444444444,-5.555555555555558,31.0,stable
S02,P206,6.0,10.0,0.6,-40.0,29.0,declining
S02,P207,2.0,0.0,,,30.0,
S02,P208,11.0,16.0,0.6875,-31.25,31.0,declining
S02,P209,11.0,14.0,0.7857142857142857,-21.42857142857143,31.0,declining
S02,P210,5.0,1.0,5.0,400.0,30.0,accelerating
S02,P211,69.0,50.0,1.38,37.999999999999986,31.0,accelerating
S02,P212,88.0,47.0,1.872340425531915,87.2340425531915,31.0,accelerating
S02,P213,99.0,67.0,1.4776119402985075,47.76119402985075,31.0,accelerating
S02,P214,14.0,10.0,1.4,39.99999999999999,29.0,accelerating
S02,P215,31.0,84.0,0.36904761904761907,-63.095238095238095,31.0,declining
S02,P216,30.0,28.0,1.0714285714285714,7.14285714285714,31.0,stable
S02,P217,8.0,20.0,0.4,-60.0,31.0,declining
S02,P218,40.0,33.0,1.2121212121212122,21.212121212121215,30.0,accelerating
S02,P219,22.0,8.0,2.75,175.0,31.0,accelerating
S02,P220,26.0,4.0,6.5,550.0,27.0,accelerating
S03,P101,70.0,85.0,0.8235294117647058,-17.647058823529417,31.0,stable
S03,P102,4.0,9.0,0.4444444444444444,-55.55555555555556,25.0,declining
S03,P103,205.0,146.0,1.404109589041096,40.41095890410959,31.0,accelerating
S03,P104,33.0,18.0,1.8333333333333333,83.33333333333333,31.0,accelerating
S03,P105,8.0,10.0,0.8,-19.999999999999996,28.0,declining
S03,P106,8.0,14.0,0.5714285714285714,-42.85714285714286,31.0,declining
S03,P107,4.0,3.0,1.3333333333333333,33.33333333333333,23.0,accelerating
S03,P108,10.0,5.0,2.0,100.0,24.0,accelerating
S03,P109,37.0,26.0,1.4230769230769231,42.307692307692314,30.0,accelerating
S03,P110,866.0,874.0,0.9908466819221968,-0.9153318077803174,31.0,stable
S03,P111,43.0,52.0,0.8269230769230769,-17.307692307692314,31.0,stable
S03,P112,14.0,10.0,1.4,39.99999999999999,28.0,accelerating
S03,P113,12.0,24.0,0.5,-50.0,30.0,declining
S03,P114,66.0,33.0,2.0,100.0,31.0,accelerating
S03,P115,9.0,11.0,0.8181818181818182,-18.181818181818176,27.0,stable
S03,P116,31.0,38.0,0.8157894736842105,-18.42105263157895,31.0,stable
S03,P117,29.0,20.0,1.45,44.99999999999999,31.0,accelerating
S03,P118,11.0,17.0,0.6470588235294118,-35.29411764705882,30.0,declining
S03,P119,15.0,9.0,1.6666666666666667,66.66666666666667,31.0,accelerating
S03,P120,12.0,17.0,0.7058823529411765,-29.411764705882348,31.0,declining
S03,P121,8.0,13.0,0.6153846153846154,-38.46153846153846,30.0,declining
S03,P122,31.0,33.0,0.9393939393939394,-6.060606060606055,31.0,stable
S03,P123,169.0,116.0,1.456896551724138,45.689655172413794,31.0,accelerating
S03,P124,62.0,62.0,1.0,0.0,31.0,stable
S03,P125,4.0,9.0,0.4444444444444444,-55.55555555555556,31.0,declining
S03,P126,83.0,43.0,1.930232558139535,93.0232558139535,31.0,accelerating
S03,P127,165.0,144.0,1.1458333333333333,14.583333333333325,31.0,stable
S03,P128,35.0,25.0,1.4,39.99999999999999,31.0,accelerating
S03,P129,104.0,114.0,0.9122807017543859,-8.771929824561408,31.0,stable
S03,P130,180.0,197.0,0.9137055837563451,-8.629441624365485,31.0,stable
S03,P131,78.0,83.0,0.9397590361445783,-6.024096385542165,31.0,stable
S03,P132,57.0,45.0,1.2666666666666666,26.66666666666666,31.0,accelerating
S03,P133,293.0,249.0,1.176706827309237,17.670682730923694,32.0,stable
S03,P134,93.0,107.0,0.8691588785046729,-13.08411214953271,31.0,stable
S03,P135,48.0,60.0,0.8,-19.999999999999996,31.0,declining
S03,P136,6.0,9.0,0.6666666666666666,-33.333333333333336,31.0,declining
S03,P137,69.0,111.0,0.6216216216216216,-37.83783783783784,31.0,declining
S03,P138,32.0,33.0,0.9696969696969697,-3.0303030303030276,31.0,stable
S03,P139,13.0,13.0,1.0,0.0,30.0,stable
S03,P140,29.0,19.0,1.5263157894736843,52.63157894736843,31.0,accelerating
S03,P141,20.0,32.0,0.625,-37.5,31.0,declining
S03,P142,29.0,8.0,3.625,262.5,28.0,accelerating
S03,P143,48.0,62.0,0.7741935483870968,-22.580645161290324,31.0,declining
S03,P144,41.0,39.0,1.0512820512820513,5.128205128205132,31.0,stable
S03,P145,23.0,30.0,0.7666666666666667,-23.33333333333333,29.0,declining
S03,P146,82.0,65.0,1.2615384615384615,26.15384615384615,31.0,accelerating
S03,P147,27.0,42.0,0.6428571428571429,-35.71428571428571,30.0,declining
S03,P148,19.0,15.0,1.2666666666666666,26.66666666666666,31.0,accelerating
S03,P149,23.0,29.0,0.7931034482758621,-20.68965517241379,31.0,declining
S03,P150,17.0,12.0,1.4166666666666667,41.66666666666667,31.0,accelerating
S03,P151,9.0,16.0,0.5625,-43.75,30.0,declining
S03,P152,84.0,65.0,1.2923076923076924,29.230769230769237,31.0,accelerating
S03,P153,47.0,35.0,1.3428571428571427,34.28571428571428,31.0,accelerating
S03,P154,29.0,10.0,2.9,190.0,30.0,accelerating
S03,P155,31.0,34.0,0.9117647058823529,-8.823529411764708,31.0,stable
S03,P156,80.0,94.0,0.851063829787234,-14.893617021276595,31.0,stable
S03,P157,55.0,39.0,1.4102564102564104,41.025641025641036,31.0,accelerating
S03,P158,149.0,135.0,1.1037037037037036,10.370370370370363,31.0,stable
S03,P159,225.0,209.0,1.076555023923445,7.655502392344493,31.0,stable
S03,P160,1.0,5.0,0.2,-80.0,21.0,declining
S03,P161,116.0,132.0,0.8787878787878788,-12.121212121212121,31.0,stable
S03,P162,1.0,4.0,0.25,-75.0,26.0,declining
S03,P163,127.0,107.0,1.1869158878504673,18.691588785046733,31.0,stable
S03,P164,25.0,34.0,0.7352941176470589,-26.470588235294112,30.0,declining
S03,P165,5.0,12.0,0.4166666666666667,-58.33333333333333,30.0,declining
S03,P166,55.0,47.0,1.1702127659574468,17.021276595744684,31.0,stable
S03,P167,8.0,6.0,1.3333333333333333,33.33333333333333,31.0,accelerating
S03,P168,19.0,12.0,1.5833333333333333,58.33333333333333,30.0,accelerating
S03,P169,39.0,60.0,0.65,-35.0,31.0,declining
S03,P170,11.0,7.0,1.5714285714285714,57.14285714285714,30.0,accelerating
S03,P171,48.0,24.0,2.0,100.0,31.0,accelerating
S03,P172,19.0,27.0,0.7037037037037037,-29.629629629629626,31.0,declining
S03,P173,11.0,3.0,3.6666666666666665,266.66666666666663,26.0,accelerating
S03,P174,11.0,10.0,1.1,10.000000000000009,28.0,stable
S03,P175,16.0,7.0,2.2857142857142856,128.57142857142856,31.0,accelerating
S03,P176,150.0,169.0,0.8875739644970414,-11.24260355029586,32.0,stable
S03,P177,50.0,14.0,3.5714285714285716,257.14285714285717,31.0,accelerating
S03,P178,19.0,21.0,0.9047619047619048,-9.523809523809524,31.0,stable
S03,P179,12.0,8.0,1.5,50.0,30.0,accelerating
S03,P180,94.0,75.0,1.2533333333333334,25.333333333333343,31.0,accelerating
S03,P181,44.0,57.0,0.7719298245614035,-22.807017543859654,31.0,declining
S03,P182,15.0,14.0,1.0714285714285714,7.14285714285714,29.0,stable
S03,P183,357.0,347.0,1.0288184438040346,2.8818443804034644,31.0,stable
S03,P184,13.0,14.0,0.9285714285714286,-7.14285714285714,28.0,stable
S03,P185,27.0,45.0,0.6,-40.0,30.0,declining
S03,P186,69.0,59.0,1.1694915254237288,16.94915254237288,31.0,stable
S03,P187,33.0,48.0,0.6875,-31.25,31.0,declining
S03,P188,90.0,97.0,0.9278350515463918,-7.216494845360821,31.0,stable
S03,P189,11.0,18.0,0.6111111111111112,-38.888888888888886,31.0,declining
S03,P190,19.0,16.0,1.1875,18.75,29.0,stable
S03,P191,25.0,41.0,0.6097560975609756,-39.02439024390244,31.0,declining
S03,P192,39.0,40.0,0.975,-2.500000000000002,31.0,stable
S03,P193,67.0,58.0,1.1551724137931034,15.517241379310342,31.0,stable
S03,P194,29.0,28.0,1.0357142857142858,3.571428571428581,31.0,stable
S03,P195,48.0,53.0,0.9056603773584906,-9.433962264150942,31.0,stable
S03,P196,38.0,26.0,1.4615384615384615,46.153846153846146,31.0,accelerating
S03,P197,28.0,18.0,1.5555555555555556,55.55555555555556,31.0,accelerating
S03,P198,51.0,29.0,1.7586206896551724,75.86206896551724,31.0,accelerating
S03,P199,129.0,114.0,1.131578947368421,13.157894736842103,31.0,stable
S03,P200,76.0,95.0,0.8,-19.999999999999996,31.0,declining
S03,P201,152.0,140.0,1.0857142857142856,8.571428571428562,31.0,stable
S03,P202,1.0,,,,1.0,
S03,P203,9.0,1.0,9.0,800.0,27.0,accelerating
S03,P204,6.0,3.0,2.0,100.0,28.0,accelerating
S03,P205,8.0,9.0,0.8888888888888888,-11.111111111111116,27.0,stable
S03,P206,10.0,10.0,1.0,0.0,31.0,stable
S03,P207,12.0,9.0,1.3333333333333333,33.33333333333333,20.0,accelerating
S03,P208,9.0,15.0,0.6,-40.0,30.0,declining
S03,P209,15.0,5.0,3.0,200.0,28.0,accelerating
S03,P210,7.0,11.0,0.6363636363636364,-36.36363636363637,30.0,declining
S03,P211,48.0,53.0,0.9056603773584906,-9.433962264150942,31.0,stable
S03,P212,72.0,74.0,0.972972972972973,-2.7027027027026973,31.0,stable
S03,P213,67.0,73.0,0.9178082191780822,-8.21917808219178,31.0,stable
S03,P214,33.0,11.0,3.0,200.0,30.0,accelerating
S03,P215,44.0,38.0,1.1578947368421053,15.789473684210531,31.0,stable
S03,P216,17.0,15.0,1.1333333333333333,13.33333333333333,31.0,stable
S03,P217,17.0,19.0,0.8947368421052632,-10.526315789473683,31.0,stable
S03,P218,21.0,41.0,0.5121951219512195,-48.78048780487805,31.0,declining
S03,P219,8.0,10.0,0.8,-19.999999999999996,29.0,declining
S03,P220,21.0,4.0,5.25,425.0,29.0,accelerating
S04,P101,81.0,85.0,0.9529411764705882,-4.705882352941182,31.0,stable
S04,P102,8.0,3.0,2.6666666666666665,166.66666666666666,21.0,accelerating
S04,P103,193.0,147.0,1.3129251700680271,31.29251700680271,31.0,accelerating
S04,P104,17.0,44.0,0.38636363636363635,-61.36363636363637,30.0,declining
S04,P105,16.0,11.0,1.4545454545454546,45.45454545454546,31.0,accelerating
S04,P106,8.0,7.0,1.1428571428571428,14.28571428571428,26.0,stable
S04,P107,7.0,2.0,3.5,250.0,27.0,accelerating
S04,P108,8.0,5.0,1.6,60.00000000000001,30.0,accelerating
S04,P109,40.0,57.0,0.7017543859649122,-29.824561403508774,31.0,declining
S04,P110,826.0,865.0,0.9549132947976878,-4.508670520231217,31.0,stable
S04,P111,39.0,48.0,0.8125,-18.75,31.0,stable
S04,P112,24.0,10.0,2.4,140.0,31.0,accelerating
S04,P113,22.0,41.0,0.5365853658536586,-46.34146341463414,28.0,declining
S04,P114,25.0,27.0,0.9259259259259259,-7.4074074074074066,31.0,stable
S04,P115,13.0,10.0,1.3,30.000000000000004,23.0,accelerating
S04,P116,28.0,19.0,1.4736842105263157,47.36842105263157,29.0,accelerating
S04,P117,13.0,20.0,0.65,-35.0,31.0,declining
S04,P118,20.0,15.0,1.3333333333333333,33.33333333333333,29.0,accelerating
S04,P119,24.0,16.0,1.5,50.0,31.0,accelerating
S04,P120,8.0,26.0,0.3076923076923077,-69.23076923076923,31.0,declining
S04,P121,7.0,14.0,0.5,-50.0,29.0,declining
S04,P122,13.0,25.0,0.52,-48.0,31.0,declining
S04,P123,112.0,130.0,0.8615384615384616,-13.846153846153841,31.0,stable
S04,P124,57.0,79.0,0.7215189873417721,-27.848101265822788,31.0,declining
S04,P125,17.0,11.0,1.5454545454545454,54.54545454545454,31.0,accelerating
S04,P126,30.0,79.0,0.379746835443038,-62.0253164556962,31.0,declining
S04,P127,156.0,173.0,0.9017341040462428,-9.826589595375722,31.0,stable
S04,P128,21.0,28.0,0.75,-25.0,31.0,declining
S04,P129,102.0,114.0,0.8947368421052632,-10.526315789473683,31.0,stable
S04,P130,185.0,211.0,0.8767772511848341,-12.322274881516593,31.0,stable
S04,P131,104.0,106.0,0.9811320754716981,-1.8867924528301883,31.0,stable
S04,P132,50.0,55.0,0.9090909090909091,-9.090909090909093,31.0,stable
S04,P133,246.0,276.0,0.8913043478260869,-10.869565217391308,31.0,stable
S04,P134,90.0,109.0,0.8256880733944955,-17.431192660550455,31.0,stable
S04,P135,48.0,38.0,1.263157894736842,26.315789473684205,31.0,accelerating
S04,P136,12.0,7.0,1.7142857142857142,71.42857142857142,29.0,accelerating
S04,P137,70.0,90.0,0.7777777777777778,-22.22222222222222,31.0,declining
S04,P138,80.0,53.0,1.509433962264151,50.9433962264151,31.0,accelerating
S04,P139,30.0,19.0,1.5789473684210527,57.89473684210527,31.0,accelerating
S04,P140,31.0,16.0,1.9375,93.75,30.0,accelerating
S04,P141,12.0,31.0,0.3870967741935484,-61.29032258064516,30.0,declining
S04,P142,12.0,10.0,1.2,19.999999999999996,31.0,stable
S04,P143,45.0,69.0,0.6521739130434783,-34.78260869565217,31.0,declining
S04,P144,28.0,31.0,0.9032258064516129,-9.677419354838712,31.0,stable
S04,P145,27.0,31.0,0.8709677419354839,-12.903225806451612,30.0,stable
S04,P146,81.0,56.0,1.4464285714285714,44.64285714285714,31.0,accelerating
S04,P147,57.0,26.0,2.1923076923076925,119.23076923076925,31.0,accelerating
S04,P148,16.0,12.0,1.3333333333333333,33.33333333333333,30.0,accelerating
S04,P149,17.0,39.0,0.4358974358974359,-56.41025641025641,31.0,declining
S04,P150,15.0,12.0,1.25,25.0,31.0,accelerating
S04,P151,18.0,23.0,0.782608695652174,-21.739130434782606,31.0,declining
S04,P152,59.0,57.0,1.0350877192982457,3.5087719298245723,31.0,stable
S04,P153,50.0,74.0,0.6756756756756757,-32.432432432432435,31.0,declining
S04,P154,6.0,10.0,0.6,-40.0,31.0,declining
S04,P155,32.0,35.0,0.9142857142857143,-8.571428571428575,30.0,stable
S04,P156,73.0,82.0,0.8902439024390244,-10.97560975609756,31.0,stable
S04,P157,33.0,65.0,0.5076923076923077,-49.23076923076923,31.0,declining
S04,P158,125.0,179.0,0.6983240223463687,-30.16759776536313,31.0,declining
S04,P159,170.0,199.0,0.8542713567839196,-14.572864321608037,31.0,stable
S04,P160,7.0,2.0,3.5,250.0,27.0,accelerating
S04,P161,100.0,87.0,1.1494252873563218,14.942528735632177,31.0,stable
S04,P163,143.0,148.0,0.9662162162162162,-3.378378378378377,31.0,stable
S04,P164,22.0,41.0,0.5365853658536586,-46.34146341463414,29.0,declining
S04,P165,6.0,5.0,1.2,19.999999999999996,25.0,stable
S04,P166,23.0,38.0,0.6052631578947368,-39.473684210526315,31.0,declining
S04,P167,11.0,12.0,0.9166666666666666,-8.333333333333337,28.0,stable
S04,P168,30.0,3.0,10.0,900.0,31.0,accelerating
S04,P169,54.0,37.0,1.4594594594594594,45.945945945945944,31.0,accelerating
S04,P170,16.0,17.0,0.9411764705882353,-5.882352941176472,26.0,stable
S04,P171,38.0,44.0,0.8636363636363636,-13.636363636363635,31.0,stable
S04,P172,31.0,23.0,1.3478260869565217,34.78260869565217,30.0,accelerating
S04,P173,10.0,3.0,3.3333333333333335,233.33333333333334,30.0,accelerating
S04,P174,12.0,7.0,1.7142857142857142,71.42857142857142,29.0,accelerating
S04,P175,16.0,15.0,1.0666666666666667,6.666666666666665,28.0,stable
S04,P176,183.0,191.0,0.9581151832460733,-4.188481675392675,31.0,stable
S04,P177,28.0,27.0,1.037037037037037,3.703703703703698,31.0,stable
S04,P178,15.0,14.0,1.0714285714285714,7.14285714285714,31.0,stable
S04,P179,12.0,18.0,0.6666666666666666,-33.333333333333336,30.0,declining
S04,P180,80.0,108.0,0.7407407407407407,-25.92592592592593,31.0,declining
S04,P181,41.0,31.0,1.3225806451612903,32.258064516129025,31.0,accelerating
S04,P182,18.0,18.0,1.0,0.0,29.0,stable
S04,P183,333.0,368.0,0.904891304347826,-9.510869565217394,31.0,stable
S04,P184,7.0,11.0,0.6363636363636364,-36.36363636363637,29.0,declining
S04,P185,19.0,17.0,1.1176470588235294,11.764705882352944,31.0,stable
S04,P186,68.0,45.0,1.511111111111111,51.11111111111111,31.0,accelerating
S04,P187,37.0,41.0,0.9024390243902439,-9.756097560975608,31.0,stable
S04,P188,76.0,87.0,0.8735632183908046,-12.643678160919535,31.0,stable
S04,P189,25.0,31.0,0.8064516129032258,-19.354838709677423,30.0,stable
S04,P190,23.0,19.0,1.2105263157894737,21.052631578947366,30.0,accelerating
S04,P191,29.0,29.0,1.0,0.0,31.0,stable
S04,P192,46.0,26.0,1.7692307692307692,76.92307692307692,31.0,accelerating
S04,P193,41.0,63.0,0.6507936507936508,-34.92063492063492,31.0,declining
S04,P194,38.0,43.0,0.8837209302325582,-11.627906976744185,31.0,stable
S04,P195,68.0,60.0,1.1333333333333333,13.33333333333333,31.0,stable
S04,P196,21.0,26.0,0.8076923076923077,-19.23076923076923,30.0,stable
S04,P197,16.0,26.0,0.6153846153846154,-38.46153846153846,31.0,declining
S04,P198,27.0,27.0,1.0,0.0,31.0,stable
S04,P199,157.0,170.0,0.9235294117647059,-7.647058823529407,31.0,stable
S04,P200,84.0,80.0,1.05,5.000000000000004,31.0,stable
S04,P201,184.0,152.0,1.2105263157894737,21.052631578947366,31.0,accelerating
S04,P202,4.0,2.0,2.0,100.0,26.0,accelerating
S04,P203,14.0,5.0,2.8,179.99999999999997,29.0,accelerating
S04,P204,6.0,5.0,1.2,19.999999999999996,28.0,stable
S04,P205,22.0,15.0,1.4666666666666666,46.66666666666666,30.0,accelerating
S04,P206,6.0,8.0,0.75,-25.0,30.0,declining
S04,P207,5.0,8.0,0.625,-37.5,22.0,declining
S04,P208,15.0,14.0,1.0714285714285714,7.14285714285714,31.0,stable
S04,P209,3.0,5.0,0.6,-40.0,31.0,declining
S04,P210,10.0,11.0,0.9090909090909091,-9.090909090909093,26.0,stable
S04,P211,53.0,46.0,1.1521739130434783,15.217391304347828,31.0,stable
S04,P212,63.0,72.0,0.875,-12.5,31.0,stable
S04,P213,64.0,88.0,0.7272727272727273,-27.27272727272727,30.0,declining
S04,P214,10.0,19.0,0.5263157894736842,-47.36842105263158,31.0,declining
S04,P215,21.0,45.0,0.4666666666666667,-53.333333333333336,31.0,declining
S04,P216,31.0,26.0,1.1923076923076923,19.23076923076923,31.0,stable
S04,P217,19.0,26.0,0.7307692307692307,-26.923076923076927,29.0,declining
S04,P218,24.0,36.0,0.6666666666666666,-33.333333333333336,31.0,declining
S04,P219,16.0,11.0,1.4545454545454546,45.45454545454546,26.0,accelerating
S04,P220,5.0,2.0,2.5,150.0,30.0,accelerating
S05,P101,74.0,92.0,0.8043478260869565,-19.565217391304344,31.0,stable
S05,P102,8.0,2.0,4.0,300.0,29.0,accelerating
S05,P103,146.0,151.0,0.9668874172185431,-3.31125827814569,31.0,stable
S05,P104,33.0,26.0,1.2692307692307692,26.923076923076916,31.0,accelerating
S05,P105,19.0,8.0,2.375,137.5,30.0,accelerating
S05,P106,6.0,4.0,1.5,50.0,28.0,accelerating
S05,P107,3.0,10.0,0.3,-70.0,30.0,declining
S05,P108,17.0,3.0,5.666666666666667,466.6666666666667,29.0,accelerating
S05,P109,39.0,39.0,1.0,0.0,31.0,stable
S05,P110,785.0,871.0,0.9012629161882894,-9.873708381171065,31.0,stable
S05,P111,48.0,45.0,1.0666666666666667,6.666666666666665,31.0,stable
S05,P112,5.0,11.0,0.45454545454545453,-54.54545454545454,28.0,declining
S05,P113,14.0,7.0,2.0,100.0,30.0,accelerating
S05,P114,24.0,24.0,1.0,0.0,31.0,stable
S05,P115,5.0,15.0,0.3333333333333333,-66.66666666666667,30.0,declining
S05,P116,22.0,37.0,0.5945945945945946,-40.54054054054054,30.0,declining
S05,P117,25.0,6.0,4.166666666666667,316.6666666666667,30.0,accelerating
S05,P118,14.0,8.0,1.75,75.0,30.0,accelerating
S05,P119,15.0,11.0,1.3636363636363635,36.36363636363635,31.0,accelerating
S05,P120,16.0,14.0,1.1428571428571428,14.28571428571428,29.0,stable
S05,P121,5.0,25.0,0.2,-80.0,31.0,declining
S05,P122,30.0,22.0,1.3636363636363635,36.36363636363635,31.0,accelerating
S05,P123,106.0,143.0,0.7412587412587412,-25.874125874125873,31.0,declining
S05,P124,60.0,100.0,0.6,-40.0,31.0,declining
S05,P125,26.0,16.0,1.625,62.5,31.0,accelerating
S05,P126,89.0,59.0,1.5084745762711864,50.847457627118644,31.0,accelerating
S05,P127,177.0,142.0,1.2464788732394365,24.64788732394365,31.0,accelerating
S05,P128,33.0,21.0,1.5714285714285714,57.14285714285714,29.0,accelerating
S05,P129,131.0,110.0,1.190909090909091,19.090909090909093,31.0,stable
S05,P130,204.0,213.0,0.9577464788732394,-4.225352112676061,31.0,stable
S05,P131,81.0,82.0,0.9878048780487805,-1.2195121951219523,31.0,stable
S05,P132,60.0,38.0,1.5789473684210527,57.89473684210527,31.0,accelerating
S05,P133,223.0,313.0,0.7124600638977636,-28.753993610223638,31.0,declining
S05,P134,87.0,101.0,0.8613861386138614,-13.861386138613863,31.0,stable
S05,P135,55.0,63.0,0.873015873015873,-12.698412698412698,31.0,stable
S05,P136,2.0,1.0,2.0,100.0,29.0,accelerating
S05,P137,93.0,91.0,1.021978021978022,2.19780219780219,31.0,stable
S05,P138,32.0,32.0,1.0,0.0,31.0,stable
S05,P139,25.0,5.0,5.0,400.0,30.0,accelerating
S05,P140,22.0,24.0,0.9166666666666666,-8.333333333333337,31.0,stable
S05,P141,14.0,21.0,0.6666666666666666,-33.333333333333336,31.0,declining
S05,P142,18.0,13.0,1.3846153846153846,38.46153846153846,29.0,accelerating
S05,P143,45.0,51.0,0.8823529411764706,-11.764705882352944,31.0,stable
S05,P144,45.0,29.0,1.5517241379310345,55.172413793103445,31.0,accelerating
S05,P145,29.0,28.0,1.0357142857142858,3.571428571428581,30.0,stable
S05,P146,79.0,54.0,1.462962962962963,46.296296296296305,31.0,accelerating
S05,P147,33.0,37.0,0.8918918918918919,-10.81081081081081,31.0,stable
S05,P148,11.0,16.0,0.6875,-31.25,28.0,declining
S05,P149,28.0,29.0,0.9655172413793104,-3.4482758620689613,31.0,stable
S05,P150,18.0,19.0,0.9473684210526315,-5.263157894736848,29.0,stable
S05,P151,8.0,11.0,0.7272727272727273,-27.27272727272727,31.0,declining
S05,P152,52.0,65.0,0.8,-19.999999999999996,31.0,declining
S05,P153,59.0,78.0,0.7564102564102564,-24.35897435897436,31.0,declining
S05,P154,23.0,24.0,0.9583333333333334,-4.1666666666666625,31.0,stable
S05,P155,36.0,10.0,3.6,260.0,31.0,accelerating
S05,P156,145.0,112.0,1.2946428571428572,29.464285714285722,31.0,accelerating
S05,P157,50.0,32.0,1.5625,56.25,31.0,accelerating
S05,P158,175.0,159.0,1.10062893081761,10.062893081761004,31.0,stable
S05,P159,207.0,188.0,1.101063829787234,10.106382978723394,31.0,stable
S05,P160,4.0,0.0,,,31.0,
S05,P161,94.0,124.0,0.7580645161290323,-24.193548387096776,31.0,declining
S05,P162,3.0,,,,13.0,
S05,P163,156.0,112.0,1.3928571428571428,39.28571428571428,31.0,accelerating
S05,P164,37.0,28.0,1.3214285714285714,32.14285714285714,31.0,accelerating
S05,P165,8.0,16.0,0.5,-50.0,18.0,declining
S05,P166,49.0,30.0,1.6333333333333333,63.33333333333333,31.0,accelerating
S05,P167,9.0,14.0,0.6428571428571429,-35.71428571428571,26.0,declining
S05,P168,17.0,4.0,4.25,325.0,31.0,accelerating
S05,P169,60.0,42.0,1.4285714285714286,42.85714285714286,31.0,accelerating
S05,P170,11.0,7.0,1.5714285714285714,57.14285714285714,29.0,accelerating
S05,P171,23.0,38.0,0.6052631578947368,-39.473684210526315,31.0,declining
S05,P172,34.0,26.0,1.3076923076923077,30.76923076923077,31.0,accelerating
S05,P173,8.0,19.0,0.42105263157894735,-57.89473684210527,30.0,declining
S05,P174,11.0,3.0,3.6666666666666665,266.66666666666663,28.0,accelerating
S05,P175,25.0,16.0,1.5625,56.25,31.0,accelerating
S05,P176,173.0,179.0,0.9664804469273743,-3.3519553072625663,31.0,stable
S05,P177,31.0,30.0,1.0333333333333334,3.3333333333333437,31.0,stable
S05,P178,21.0,18.0,1.1666666666666667,16.666666666666675,31.0,stable
S05,P179,13.0,6.0,2.1666666666666665,116.66666666666666,31.0,accelerating
S05,P180,97.0,93.0,1.043010752688172,4.3010752688172005,31.0,stable
S05,P181,21.0,27.0,0.7777777777777778,-22.22222222222222,31.0,declining
S05,P182,12.0,27.0,0.4444444444444444,-55.55555555555556,27.0,declining
S05,P183,299.0,333.0,0.8978978978978979,-10.210210210210214,31.0,stable
S05,P184,13.0,15.0,0.8666666666666667,-13.33333333333333,28.0,stable
S05,P185,32.0,37.0,0.8648648648648649,-13.513513513513509,30.0,stable
S05,P186,70.0,46.0,1.5217391304347827,52.17391304347827,31.0,accelerating
S05,P187,41.0,50.0,0.82,-18.000000000000004,30.0,stable
S05,P188,68.0,83.0,0.8192771084337349,-18.07228915662651,31.0,stable
S05,P189,20.0,13.0,1.5384615384615385,53.846153846153854,29.0,accelerating
S05,P190,17.0,27.0,0.6296296296296297,-37.03703703703704,31.0,declining
S05,P191,43.0,45.0,0.9555555555555556,-4.444444444444439,31.0,stable
S05,P192,46.0,42.0,1.0952380952380953,9.523809523809534,31.0,stable
S05,P193,53.0,56.0,0.9464285714285714,-5.35714285714286,31.0,stable
S05,P194,48.0,26.0,1.8461538461538463,84.61538461538463,31.0,accelerating
S05,P195,64.0,70.0,0.9142857142857143,-8.571428571428575,31.0,stable
S05,P196,36.0,37.0,0.972972972972973,-2.7027027027026973,31.0,stable
S05,P197,11.0,26.0,0.4230769230769231,-57.692307692307686,31.0,declining
S05,P198,45.0,24.0,1.875,87.5,31.0,accelerating
S05,P199,139.0,151.0,0.9205298013245033,-7.947019867549665,31.0,stable
S05,P200,98.0,58.0,1.6896551724137931,68.96551724137932,31.0,accelerating
S05,P201,138.0,153.0,0.9019607843137255,-9.80392156862745,31.0,stable
S05,P202,5.0,3.0,1.6666666666666667,66.66666666666667,23.0,accelerating
S05,P203,5.0,4.0,1.25,25.0,26.0,accelerating
S05,P204,5.0,9.0,0.5555555555555556,-44.44444444444444,30.0,declining
S05,P205,27.0,10.0,2.7,170.00000000000003,30.0,accelerating
S05,P206,1.0,5.0,0.2,-80.0,27.0,declining
S05,P207,2.0,1.0,2.0,100.0,15.0,accelerating
S05,P208,17.0,8.0,2.125,112.5,28.0,accelerating
S05,P209,12.0,12.0,1.0,0.0,30.0,stable
S05,P210,14.0,4.0,3.5,250.0,24.0,accelerating
S05,P211,83.0,62.0,1.3387096774193548,33.87096774193547,31.0,accelerating
S05,P212,84.0,84.0,1.0,0.0,31.0,stable
S05,P213,60.0,71.0,0.8450704225352113,-15.492957746478876,31.0,stable
S05,P214,11.0,21.0,0.5238095238095238,-47.61904761904761,30.0,declining
S05,P215,38.0,62.0,0.6129032258064516,-38.70967741935484,31.0,declining
S05,P216,9.0,14.0,0.6428571428571429,-35.71428571428571,31.0,declining
S05,P217,16.0,25.0,0.64,-36.0,31.0,declining
S05,P218,33.0,31.0,1.064516129032258,6.451612903225801,31.0,stable
S05,P219,9.0,7.0,1.2857142857142858,28.57142857142858,30.0,accelerating
S05,P220,11.0,3.0,3.6666666666666665,266.66666666666663,29.0,accelerating
S06,P101,84.0,45.0,1.8666666666666667,86.66666666666667,31.0,accelerating
S06,P102,7.0,0.0,,,17.0,
S06,P103,201.0,148.0,1.3581081081081081,35.810810810810814,31.0,accelerating
S06,P104,21.0,31.0,0.6774193548387096,-32.25806451612904,31.0,declining
S06,P105,17.0,8.0,2.125,112.5,31.0,accelerating
S06,P106,16.0,11.0,1.4545454545454546,45.45454545454546,28.0,accelerating
S06,P107,1.0,2.0,0.5,-50.0,24.0,declining
S06,P108,8.0,4.0,2.0,100.0,25.0,accelerating
S06,P109,50.0,29.0,1.7241379310344827,72.41379310344827,31.0,accelerating
S06,P110,818.0,931.0,0.878625134264232,-12.137486573576794,31.0,stable
S06,P111,33.0,40.0,0.825,-17.500000000000004,30.0,stable
S06,P112,15.0,6.0,2.5,150.0,30.0,accelerating
S06,P113,22.0,15.0,1.4666666666666666,46.66666666666666,31.0,accelerating
S06,P114,17.0,24.0,0.7083333333333334,-29.166666666666664,31.0,declining
S06,P115,3.0,6.0,0.5,-50.0,27.0,declining
S06,P116,47.0,39.0,1.205128205128205,20.512820512820507,29.0,accelerating
S06,P117,47.0,21.0,2.238095238095238,123.80952380952381,31.0,accelerating
S06,P118,17.0,13.0,1.3076923076923077,30.76923076923077,31.0,accelerating
S06,P119,30.0,10.0,3.0,200.0,31.0,accelerating
S06,P120,20.0,26.0,0.7692307692307693,-23.076923076923073,31.0,declining
S06,P121,18.0,14.0,1.2857142857142858,28.57142857142858,26.0,accelerating
S06,P122,12.0,44.0,0.2727272727272727,-72.72727272727273,29.0,declining
S06,P123,126.0,123.0,1.024390243902439,2.4390243902439046,31.0,stable
S06,P124,47.0,76.0,0.618421052631579,-38.1578947368421,31.0,declining
S06,P125,9.0,8.0,1.125,12.5,31.0,stable
S06,P126,53.0,61.0,0.8688524590163934,-13.11475409836066,31.0,stable
S06,P127,185.0,184.0,1.0054347826086956,0.5434782608695565,31.0,stable
S06,P128,27.0,24.0,1.125,12.5,31.0,stable
S06,P129,101.0,88.0,1.1477272727272727,14.77272727272727,31.0,stable
S06,P130,189.0,209.0,0.9043062200956937,-9.569377990430628,31.0,stable
S06,P131,99.0,112.0,0.8839285714285714,-11.607142857142861,31.0,stable
S06,P132,62.0,30.0,2.066666666666667,106.66666666666669,31.0,accelerating
S06,P133,310.0,281.0,1.103202846975089,10.320284697508896,31.0,stable
S06,P134,98.0,88.0,1.1136363636363635,11.363636363636353,31.0,stable
S06,P135,41.0,56.0,0.7321428571428571,-26.785714285714292,31.0,declining
S06,P136,13.0,10.0,1.3,30.000000000000004,24.0,accelerating
S06,P137,87.0,73.0,1.1917808219178083,19.17808219178083,31.0,stable
S06,P138,56.0,45.0,1.2444444444444445,24.444444444444446,31.0,accelerating
S06,P139,17.0,11.0,1.5454545454545454,54.54545454545454,28.0,accelerating
S06,P140,23.0,20.0,1.15,14.999999999999991,31.0,stable
S06,P141,38.0,21.0,1.8095238095238095,80.95238095238095,31.0,accelerating
S06,P142,18.0,15.0,1.2,19.999999999999996,28.0,stable
S06,P143,50.0,57.0,0.8771929824561403,-12.28070175438597,31.0,stable
S06,P144,37.0,35.0,1.0571428571428572,5.714285714285716,31.0,stable
S06,P145,18.0,14.0,1.2857142857142858,28.57142857142858,30.0,accelerating
S06,P146,62.0,85.0,0.7294117647058823,-27.058823529411768,31.0,declining
S06,P147,47.0,32.0,1.46875,46.875,31.0,accelerating
S06,P148,4.0,15.0,0.26666666666666666,-73.33333333333334,29.0,declining
S06,P149,9.0,26.0,0.34615384615384615,-65.38461538461539,31.0,declining
S06,P150,28.0,4.0,7.0,600.0,28.0,accelerating
S06,P151,12.0,10.0,1.2,19.999999999999996,31.0,stable
S06,P152,69.0,105.0,0.6571428571428571,-34.285714285714285,31.0,declining
S06,P153,66.0,58.0,1.1379310344827587,13.793103448275868,31.0,stable
S06,P154,27.0,21.0,1.2857142857142858,28.57142857142858,30.0,accelerating
S06,P155,35.0,19.0,1.8421052631578947,84.21052631578947,31.0,accelerating
S06,P156,82.0,93.0,0.8817204301075269,-11.827956989247312,31.0,stable
S06,P157,38.0,31.0,1.2258064516129032,22.580645161290324,31.0,accelerating
S06,P158,166.0,143.0,1.1608391608391608,16.083916083916083,31.0,stable
S06,P159,180.0,173.0,1.0404624277456647,4.046242774566466,31.0,stable
S06,P160,3.0,3.0,1.0,0.0,30.0,stable
S06,P161,97.0,127.0,0.7637795275590551,-23.62204724409449,31.0,declining
S06,P162,5.0,,,,1.0,
S06,P163,109.0,151.0,0.7218543046357616,-27.81456953642384,31.0,declining
S06,P164,37.0,46.0,0.8043478260869565,-19.565217391304344,29.0,stable
S06,P165,7.0,9.0,0.7777777777777778,-22.22222222222222,28.0,declining
S06,P166,45.0,48.0,0.9375,-6.25,31.0,stable
S06,P167,5.0,3.0,1.6666666666666667,66.66666666666667,29.0,accelerating
S06,P168,9.0,9.0,1.0,0.0,30.0,stable
S06,P169,54.0,58.0,0.9310344827586207,-6.896551724137934,31.0,stable
S06,P170,17.0,2.0,8.5,750.0,25.0,accelerating
S06,P171,35.0,34.0,1.0294117647058822,2.941176470588225,31.0,stable
S06,P172,31.0,25.0,1.24,24.0,31.0,accelerating
S06,P173,10.0,9.0,1.1111111111111112,11.111111111111116,31.0,stable
S06,P174,4.0,6.0,0.6666666666666666,-33.333333333333336,31.0,declining
S06,P175,17.0,11.0,1.5454545454545454,54.54545454545454,30.0,accelerating
S06,P176,192.0,189.0,1.0158730158730158,1.5873015873015817,31.0,stable
S06,P177,27.0,51.0,0.5294117647058824,-47.05882352941176,31.0,declining
S06,P178,17.0,38.0,0.4473684210526316,-55.263157894736835,30.0,declining
S06,P179,12.0,8.0,1.5,50.0,29.0,accelerating
S06,P180,70.0,90.0,0.7777777777777778,-22.22222222222222,31.0,declining
S06,P181,37.0,30.0,1.2333333333333334,23.33333333333334,31.0,accelerating
S06,P182,14.0,5.0,2.8,179.99999999999997,30.0,accelerating
S06,P183,405.0,342.0,1.1842105263157894,18.421052631578938,31.0,stable
S06,P184,21.0,15.0,1.4,39.99999999999999,28.0,accelerating
S06,P185,33.0,35.0,0.9428571428571428,-5.714285714285716,31.0,stable
S06,P186,51.0,67.0,0.7611940298507462,-23.880597014925375,31.0,declining
S06,P187,42.0,46.0,0.9130434782608695,-8.695652173913048,31.0,stable
S06,P188,77.0,91.0,0.8461538461538461,-15.384615384615385,31.0,stable
S06,P189,26.0,32.0,0.8125,-18.75,30.0,stable
S06,P190,26.0,28.0,0.9285714285714286,-7.14285714285714,29.0,stable
S06,P191,41.0,54.0,0.7592592592592593,-24.07407407407407,31.0,declining
S06,P192,22.0,41.0,0.5365853658536586,-46.34146341463414,31.0,declining
S06,P193,68.0,67.0,1.0149253731343284,1.4925373134328401,31.0,stable
S06,P194,24.0,53.0,0.4528301886792453,-54.71698113207547,30.0,declining
S06,P195,57.0,78.0,0.7307692307692307,-26.923076923076927,31.0,declining
S06,P196,29.0,34.0,0.8529411764705882,-14.70588235294118,31.0,stable
S06,P197,31.0,14.0,2.2142857142857144,121.42857142857144,30.0,accelerating
S06,P198,47.0,34.0,1.3823529411764706,38.23529411764706,31.0,accelerating
S06,P199,161.0,121.0,1.3305785123966942,33.057851239669425,31.0,accelerating
S06,P200,77.0,61.0,1.2622950819672132,26.22950819672132,31.0,accelerating
S06,P201,122.0,164.0,0.7439024390243902,-25.609756097560975,31.0,declining
S06,P202,5.0,0.0,,,21.0,
S06,P203,14.0,11.0,1.2727272727272727,27.27272727272727,21.0,accelerating
S06,P204,8.0,9.0,0.8888888888888888,-11.111111111111116,29.0,stable
S06,P205,8.0,13.0,0.6153846153846154,-38.46153846153846,31.0,declining
S06,P206,13.0,11.0,1.1818181818181819,18.181818181818187,27.0,stable
S06,P207,2.0,5.0,0.4,-60.0,28.0,declining
S06,P208,6.0,17.0,0.35294117647058826,-64.70588235294117,30.0,declining
S06,P209,14.0,7.0,2.0,100.0,29.0,accelerating
S06,P210,5.0,11.0,0.45454545454545453,-54.54545454545454,24.0,declining
S06,P211,66.0,76.0,0.868421052631579,-13.157894736842103,30.0,stable
S06,P212,87.0,70.0,1.2428571428571429,24.28571428571429,31.0,accelerating
S06,P213,107.0,86.0,1.244186046511628,24.418604651162788,31.0,accelerating
S06,P214,7.0,15.0,0.4666666666666667,-53.333333333333336,30.0,declining
S06,P215,59.0,38.0,1.5526315789473684,55.263157894736835,31.0,accelerating
S06,P216,10.0,10.0,1.0,0.0,30.0,stable
S06,P217,24.0,23.0,1.0434782608695652,4.347826086956519,31.0,stable
S06,P218,36.0,41.0,0.8780487804878049,-12.195121951219512,30.0,stable
S06,P219,10.0,14.0,0.7142857142857143,-28.57142857142857,31.0,declining
S06,P220,16.0,3.0,5.333333333333333,433.3333333333333,30.0,accelerating
S07,P101,76.0,82.0,0.926829268292683,-7.317073170731703,31.0,stable
S07,P102,2.0,1.0,2.0,100.0,16.0,accelerating
S07,P103,174.0,169.0,1.029585798816568,2.9585798816567976,31.0,stable
S07,P104,22.0,31.0,0.7096774193548387,-29.032258064516125,31.0,declining
S07,P105,24.0,10.0,2.4,140.0,31.0,accelerating
S07,P106,11.0,4.0,2.75,175.0,27.0,accelerating
S07,P107,4.0,3.0,1.3333333333333333,33.33333333333333,21.0,accelerating
S07,P108,9.0,7.0,1.2857142857142858,28.57142857142858,31.0,accelerating
S07,P109,23.0,39.0,0.5897435897435898,-41.02564102564102,31.0,declining
S07,P110,770.0,840.0,0.9166666666666666,-8.333333333333337,31.0,stable
S07,P111,38.0,72.0,0.5277777777777778,-47.22222222222222,31.0,declining
S07,P112,7.0,11.0,0.6363636363636364,-36.36363636363637,30.0,declining
S07,P113,27.0,21.0,1.2857142857142858,28.57142857142858,30.0,accelerating
S07,P114,24.0,25.0,0.96,-4.0000000000000036,31.0,stable
S07,P115,16.0,17.0,0.9411764705882353,-5.882352941176472,26.0,stable
S07,P116,31.0,24.0,1.2916666666666667,29.166666666666675,31.0,accelerating
S07,P117,19.0,9.0,2.111111111111111,111.11111111111111,31.0,accelerating
S07,P118,12.0,16.0,0.75,-25.0,31.0,declining
S07,P119,18.0,16.0,1.125,12.5,31.0,stable
S07,P120,25.0,31.0,0.8064516129032258,-19.354838709677423,27.0,stable
S07,P121,26.0,5.0,5.2,420.0,31.0,accelerating
S07,P122,30.0,20.0,1.5,50.0,31.0,accelerating
S07,P123,122.0,117.0,1.0427350427350428,4.2735042735042805,31.0,stable
S07,P124,56.0,71.0,0.7887323943661971,-21.126760563380287,31.0,declining
S07,P125,17.0,10.0,1.7,70.0,31.0,accelerating
S07,P126,65.0,67.0,0.9701492537313433,-2.985074626865669,31.0,stable
S07,P127,148.0,176.0,0.8409090909090909,-15.909090909090907,31.0,stable
S07,P128,40.0,15.0,2.6666666666666665,166.66666666666666,30.0,accelerating
S07,P129,107.0,112.0,0.9553571428571429,-4.46428571428571,31.0,stable
S07,P130,196.0,171.0,1.1461988304093567,14.619883040935665,31.0,stable
S07,P131,96.0,96.0,1.0,0.0,31.0,stable
S07,P132,70.0,59.0,1.1864406779661016,18.644067796610166,31.0,stable
S07,P133,286.0,286.0,1.0,0.0,31.0,stable
S07,P134,85.0,117.0,0.7264957264957265,-27.350427350427353,31.0,declining
S07,P135,39.0,49.0,0.7959183673469388,-20.408163265306122,31.0,declining
S07,P136,8.0,1.0,8.0,700.0,29.0,accelerating
S07,P137,89.0,110.0,0.8090909090909091,-19.090909090909093,31.0,stable
S07,P138,42.0,53.0,0.7924528301886793,-20.75471698113207,31.0,declining
S07,P139,12.0,15.0,0.8,-19.999999999999996,31.0,declining
S07,P140,30.0,7.0,4.285714285714286,328.57142857142856,31.0,accelerating
S07,P141,24.0,13.0,1.8461538461538463,84.61538461538463,31.0,accelerating
S07,P142,8.0,7.0,1.1428571428571428,14.28571428571428,27.0,stable
S07,P143,38.0,43.0,0.8837209302325582,-11.627906976744185,31.0,stable
S07,P144,20.0,40.0,0.5,-50.0,31.0,declining
S07,P145,13.0,16.0,0.8125,-18.75,31.0,stable
S07,P146,59.0,36.0,1.6388888888888888,63.888888888888886,31.0,accelerating
S07,P147,33.0,26.0,1.2692307692307692,26.923076923076916,31.0,accelerating
S07,P148,5.0,11.0,0.45454545454545453,-54.54545454545454,31.0,declining
S07,P149,33.0,14.0,2.357142857142857,135.71428571428572,31.0,accelerating
S07,P150,19.0,13.0,1.4615384615384615,46.153846153846146,27.0,accelerating
S07,P151,11.0,18.0,0.6111111111111112,-38.888888888888886,26.0,declining
S07,P152,59.0,50.0,1.18,17.999999999999993,31.0,stable
S07,P153,55.0,71.0,0.7746478873239436,-22.535211267605636,31.0,declining
S07,P154,21.0,25.0,0.84,-16.000000000000004,31.0,stable
S07,P155,48.0,23.0,2.0869565217391304,108.69565217391303,31.0,accelerating
S07,P156,98.0,91.0,1.0769230769230769,7.692307692307687,31.0,stable
S07,P157,43.0,59.0,0.7288135593220338,-27.118644067796616,31.0,declining
S07,P158,180.0,141.0,1.2765957446808511,27.65957446808511,31.0,accelerating
S07,P159,159.0,154.0,1.0324675324675325,3.2467532467532534,31.0,stable
S07,P160,2.0,0.0,,,27.0,
S07,P161,114.0,81.0,1.4074074074074074,40.74074074074075,31.0,accelerating
S07,P162,1.0,,,,1.0,
S07,P163,83.0,125.0,0.664,-33.599999999999994,31.0,declining
S07,P164,30.0,21.0,1.4285714285714286,42.85714285714286,31.0,accelerating
S07,P165,11.0,8.0,1.375,37.5,28.0,accelerating
S07,P166,31.0,53.0,0.5849056603773585,-41.509433962264154,31.0,declining
S07,P167,17.0,2.0,8.5,750.0,31.0,accelerating
S07,P168,17.0,9.0,1.8888888888888888,88.88888888888889,29.0,accelerating
S07,P169,56.0,48.0,1.1666666666666667,16.666666666666675,31.0,stable
S07,P170,14.0,6.0,2.3333333333333335,133.33333333333334,26.0,accelerating
S07,P171,38.0,43.0,0.8837209302325582,-11.627906976744185,31.0,stable
S07,P172,23.0,24.0,0.9583333333333334,-4.1666666666666625,30.0,stable
S07,P173,5.0,17.0,0.29411764705882354,-70.58823529411764,27.0,declining
S07,P174,10.0,6.0,1.6666666666666667,66.66666666666667,26.0,accelerating
S07,P175,9.0,6.0,1.5,50.0,30.0,accelerating
S07,P176,180.0,165.0,1.0909090909090908,9.090909090909083,31.0,stable
S07,P177,31.0,20.0,1.55,55.00000000000001,31.0,accelerating
S07,P178,38.0,26.0,1.4615384615384615,46.153846153846146,29.0,accelerating
S07,P179,11.0,10.0,1.1,10.000000000000009,27.0,stable
S07,P180,85.0,73.0,1.1643835616438356,16.43835616438356,31.0,stable
S07,P181,36.0,45.0,0.8,-19.999999999999996,31.0,declining
S07,P182,23.0,15.0,1.5333333333333334,53.33333333333334,30.0,accelerating
S07,P183,325.0,356.0,0.9129213483146067,-8.70786516853933,31.0,stable
S07,P184,21.0,14.0,1.5,50.0,26.0,accelerating
S07,P185,41.0,33.0,1.2424242424242424,24.242424242424242,31.0,accelerating
S07,P186,65.0,49.0,1.3265306122448979,32.65306122448979,31.0,accelerating
S07,P187,34.0,55.0,0.6181818181818182,-38.18181818181819,30.0,declining
S07,P188,45.0,77.0,0.5844155844155844,-41.55844155844156,31.0,declining
S07,P189,23.0,5.0,4.6,359.99999999999994,29.0,accelerating
S07,P190,18.0,16.0,1.125,12.5,31.0,stable
S07,P191,27.0,40.0,0.675,-32.49999999999999,31.0,declining
S07,P192,29.0,39.0,0.7435897435897436,-25.64102564102564,31.0,declining
S07,P193,79.0,74.0,1.0675675675675675,6.756756756756754,31.0,stable
S07,P194,22.0,35.0,0.6285714285714286,-37.142857142857146,31.0,declining
S07,P195,76.0,74.0,1.027027027027027,2.7027027027026973,31.0,stable
S07,P196,39.0,41.0,0.9512195121951219,-4.878048780487809,31.0,stable
S07,P197,9.0,36.0,0.25,-75.0,31.0,declining
S07,P198,36.0,56.0,0.6428571428571429,-35.71428571428571,31.0,declining
S07,P199,123.0,132.0,0.9318181818181818,-6.818181818181824,31.0,stable
S07,P200,100.0,80.0,1.25,25.0,31.0,accelerating
S07,P201,145.0,144.0,1.0069444444444444,0.694444444444442,31.0,stable
S07,P202,8.0,0.0,,,30.0,
S07,P203,4.0,6.0,0.6666666666666666,-33.333333333333336,29.0,declining
S07,P204,8.0,7.0,1.1428571428571428,14.28571428571428,28.0,stable
S07,P205,9.0,12.0,0.75,-25.0,30.0,declining
S07,P206,19.0,4.0,4.75,375.0,21.0,accelerating
S07,P207,10.0,5.0,2.0,100.0,25.0,accelerating
S07,P208,6.0,10.0,0.6,-40.0,30.0,declining
S07,P209,12.0,10.0,1.2,19.999999999999996,30.0,stable
S07,P210,5.0,11.0,0.45454545454545453,-54.54545454545454,27.0,declining
S07,P211,57.0,46.0,1.2391304347826086,23.913043478260864,31.0,accelerating
S07,P212,67.0,49.0,1.3673469387755102,36.73469387755102,31.0,accelerating
S07,P213,96.0,68.0,1.411764705882353,41.176470588235304,31.0,accelerating
S07,P214,17.0,10.0,1.7,70.0,30.0,accelerating
S07,P215,55.0,40.0,1.375,37.5,31.0,accelerating
S07,P216,28.0,26.0,1.0769230769230769,7.692307692307687,31.0,stable
S07,P217,29.0,10.0,2.9,190.0,30.0,accelerating
S07,P218,43.0,15.0,2.8666666666666667,186.66666666666666,30.0,accelerating
S07,P219,7.0,27.0,0.25925925925925924,-74.07407407407408,30.0,declining
S07,P220,12.0,1.0,12.0,1100.0,28.0,accelerating
S08,P101,103.0,97.0,1.0618556701030928,6.185567010309279,31.0,stable
S08,P102,8.0,4.0,2.0,100.0,25.0,accelerating
S08,P103,210.0,188.0,1.1170212765957446,11.702127659574458,31.0,stable
S08,P104,18.0,23.0,0.782608695652174,-21.739130434782606,30.0,declining
S08,P105,16.0,17.0,0.9411764705882353,-5.882352941176472,30.0,stable
S08,P106,6.0,3.0,2.0,100.0,30.0,accelerating
S08,P107,2.0,1.0,2.0,100.0,26.0,accelerating
S08,P108,8.0,9.0,0.8888888888888888,-11.111111111111116,24.0,stable
S08,P109,33.0,39.0,0.8461538461538461,-15.384615384615385,30.0,stable
S08,P110,826.0,810.0,1.019753086419753,1.975308641975304,31.0,stable
S08,P111,64.0,57.0,1.1228070175438596,12.280701754385959,31.0,stable
S08,P112,19.0,16.0,1.1875,18.75,28.0,stable
S08,P113,20.0,28.0,0.7142857142857143,-28.57142857142857,30.0,declining
S08,P114,31.0,25.0,1.24,24.0,31.0,accelerating
S08,P115,7.0,7.0,1.0,0.0,28.0,stable
S08,P116,26.0,18.0,1.4444444444444444,44.44444444444444,30.0,accelerating
S08,P117,35.0,10.0,3.5,250.0,29.0,accelerating
S08,P118,19.0,14.0,1.3571428571428572,35.71428571428572,31.0,accelerating
S08,P119,26.0,17.0,1.5294117647058822,52.941176470588225,30.0,accelerating
S08,P120,18.0,11.0,1.6363636363636365,63.63636363636365,30.0,accelerating
S08,P121,17.0,14.0,1.2142857142857142,21.42857142857142,28.0,accelerating
S08,P122,69.0,31.0,2.225806451612903,122.5806451612903,31.0,accelerating
S08,P123,100.0,87.0,1.1494252873563218,14.942528735632177,31.0,stable
S08,P124,63.0,48.0,1.3125,31.25,31.0,accelerating
S08,P125,33.0,7.0,4.714285714285714,371.42857142857144,31.0,accelerating
S08,P126,84.0,78.0,1.0769230769230769,7.692307692307687,31.0,stable
S08,P127,169.0,153.0,1.1045751633986929,10.457516339869288,31.0,stable
S08,P128,28.0,29.0,0.9655172413793104,-3.4482758620689613,30.0,stable
S08,P129,120.0,143.0,0.8391608391608392,-16.083916083916083,31.0,stable
S08,P130,189.0,208.0,0.9086538461538461,-9.134615384615385,31.0,stable
S08,P131,125.0,115.0,1.0869565217391304,8.695652173913038,31.0,stable
S08,P132,47.0,42.0,1.119047619047619,11.904761904761907,30.0,stable
S08,P133,293.0,220.0,1.3318181818181818,33.18181818181818,31.0,accelerating
S08,P134,74.0,110.0,0.6727272727272727,-32.72727272727273,31.0,declining
S08,P135,40.0,47.0,0.851063829787234,-14.893617021276595,31.0,stable
S08,P136,1.0,0.0,,,29.0,
S08,P137,89.0,72.0,1.2361111111111112,23.611111111111114,31.0,accelerating
S08,P138,53.0,47.0,1.127659574468085,12.765957446808507,31.0,stable
S08,P139,9.0,4.0,2.25,125.0,31.0,accelerating
S08,P140,23.0,28.0,0.8214285714285714,-17.85714285714286,31.0,stable
S08,P141,27.0,16.0,1.6875,68.75,31.0,accelerating
S08,P142,6.0,4.0,1.5,50.0,30.0,accelerating
S08,P143,57.0,23.0,2.4782608695652173,147.82608695652172,31.0,accelerating
S08,P144,40.0,30.0,1.3333333333333333,33.33333333333333,31.0,accelerating
S08,P145,32.0,19.0,1.6842105263157894,68.42105263157893,31.0,accelerating
S08,P146,67.0,80.0,0.8375,-16.249999999999996,31.0,stable
S08,P147,34.0,57.0,0.5964912280701754,-40.35087719298246,30.0,declining
S08,P148,6.0,8.0,0.75,-25.0,31.0,declining
S08,P149,33.0,13.0,2.5384615384615383,153.84615384615384,31.0,accelerating
S08,P150,20.0,21.0,0.9523809523809523,-4.761904761904767,31.0,stable
S08,P151,23.0,15.0,1.5333333333333334,53.33333333333334,30.0,accelerating
S08,P152,88.0,77.0,1.1428571428571428,14.28571428571428,31.0,stable
S08,P153,65.0,69.0,0.9420289855072463,-5.797101449275366,31.0,stable
S08,P154,14.0,24.0,0.5833333333333334,-41.666666666666664,31.0,declining
S08,P155,33.0,33.0,1.0,0.0,31.0,stable
S08,P156,95.0,86.0,1.1046511627906976,10.465116279069765,31.0,stable
S08,P157,57.0,41.0,1.3902439024390243,39.02439024390243,31.0,accelerating
S08,P158,148.0,166.0,0.891566265060241,-10.843373493975905,31.0,stable
S08,P159,203.0,209.0,0.9712918660287081,-2.8708133971291905,31.0,stable
S08,P160,2.0,3.0,0.6666666666666666,-33.333333333333336,24.0,declining
S08,P161,134.0,71.0,1.8873239436619718,88.73239436619717,31.0,accelerating
S08,P162,1.0,1.0,1.0,0.0,18.0,stable
S08,P163,116.0,126.0,0.9206349206349206,-7.936507936507942,31.0,stable
S08,P164,32.0,23.0,1.391304347826087,39.13043478260869,30.0,accelerating
S08,P165,3.0,7.0,0.42857142857142855,-57.14285714285714,31.0,declining
S08,P166,33.0,42.0,0.7857142857142857,-21.42857142857143,31.0,declining
S08,P167,2.0,4.0,0.5,-50.0,30.0,declining
S08,P168,9.0,3.0,3.0,200.0,28.0,accelerating
S08,P169,53.0,37.0,1.4324324324324325,43.24324324324324,31.0,accelerating
S08,P170,9.0,6.0,1.5,50.0,31.0,accelerating
S08,P171,24.0,27.0,0.8888888888888888,-11.111111111111116,31.0,stable
S08,P172,45.0,27.0,1.6666666666666667,66.66666666666667,31.0,accelerating
S08,P173,8.0,9.0,0.8888888888888888,-11.111111111111116,29.0,stable
S08,P174,29.0,24.0,1.2083333333333333,20.833333333333325,30.0,accelerating
S08,P175,8.0,17.0,0.47058823529411764,-52.94117647058824,30.0,declining
S08,P176,182.0,164.0,1.1097560975609757,10.97560975609757,31.0,stable
S08,P177,18.0,16.0,1.125,12.5,30.0,stable
S08,P178,21.0,20.0,1.05,5.000000000000004,31.0,stable
S08,P179,2.0,12.0,0.16666666666666666,-83.33333333333334,30.0,declining
S08,P180,85.0,81.0,1.0493827160493827,4.938271604938271,31.0,stable
S08,P181,42.0,29.0,1.4482758620689655,44.827586206896555,31.0,accelerating
S08,P182,10.0,13.0,0.7692307692307693,-23.076923076923073,30.0,declining
S08,P183,345.0,371.0,0.9299191374663073,-7.008086253369273,31.0,stable
S08,P184,8.0,14.0,0.5714285714285714,-42.85714285714286,30.0,declining
S08,P185,35.0,25.0,1.4,39.99999999999999,31.0,accelerating
S08,P186,58.0,67.0,0.8656716417910447,-13.432835820895528,31.0,stable
S08,P187,43.0,49.0,0.8775510204081632,-12.244897959183676,31.0,stable
S08,P188,87.0,106.0,0.8207547169811321,-17.924528301886788,31.0,stable
S08,P189,21.0,9.0,2.3333333333333335,133.33333333333334,30.0,accelerating
S08,P190,26.0,19.0,1.368421052631579,36.8421052631579,30.0,accelerating
S08,P191,61.0,41.0,1.4878048780487805,48.78048780487805,30.0,accelerating
S08,P192,29.0,29.0,1.0,0.0,31.0,stable
S08,P193,87.0,56.0,1.5535714285714286,55.35714285714286,31.0,accelerating
S08,P194,30.0,27.0,1.1111111111111112,11.111111111111116,30.0,stable
S08,P195,57.0,66.0,0.8636363636363636,-13.636363636363635,31.0,stable
S08,P196,45.0,37.0,1.2162162162162162,21.62162162162162,31.0,accelerating
S08,P197,22.0,43.0,0.5116279069767442,-48.837209302325576,29.0,declining
S08,P198,39.0,26.0,1.5,50.0,31.0,accelerating
S08,P199,159.0,156.0,1.0192307692307692,1.9230769230769162,31.0,stable
S08,P200,95.0,68.0,1.3970588235294117,39.70588235294117,31.0,accelerating
S08,P201,136.0,193.0,0.7046632124352331,-29.53367875647669,31.0,declining
S08,P202,5.0,1.0,5.0,400.0,26.0,accelerating
S08,P203,6.0,3.0,2.0,100.0,27.0,accelerating
S08,P204,3.0,9.0,0.3333333333333333,-66.66666666666667,28.0,declining
S08,P205,12.0,12.0,1.0,0.0,31.0,stable
S08,P206,15.0,7.0,2.142857142857143,114.28571428571428,30.0,accelerating
S08,P207,4.0,6.0,0.6666666666666666,-33.333333333333336,26.0,declining
S08,P208,21.0,13.0,1.6153846153846154,61.53846153846154,30.0,accelerating
S08,P209,14.0,38.0,0.3684210526315789,-63.1578947368421,30.0,declining
S08,P210,13.0,8.0,1.625,62.5,26.0,accelerating
S08,P211,43.0,48.0,0.8958333333333334,-10.416666666666663,31.0,stable
S08,P212,73.0,102.0,0.7156862745098039,-28.431372549019606,31.0,declining
S08,P213,45.0,66.0,0.6818181818181818,-31.818181818181824,31.0,declining
S08,P214,10.0,13.0,0.7692307692307693,-23.076923076923073,29.0,declining
S08,P215,49.0,27.0,1.8148148148148149,81.4814814814815,31.0,accelerating
S08,P216,22.0,32.0,0.6875,-31.25,30.0,declining
S08,P217,14.0,13.0,1.0769230769230769,7.692307692307687,31.0,stable
S08,P218,38.0,47.0,0.8085106382978723,-19.14893617021277,31.0,stable
S08,P219,10.0,13.0,0.7692307692307693,-23.076923076923073,28.0,declining
S08,P220,5.0,6.0,0.8333333333333334,-16.666666666666664,25.0,stable
S09,P101,61.0,145.0,0.4206896551724138,-57.931034482758626,31.0,declining
S09,P102,7.0,4.0,1.75,75.0,30.0,accelerating
S09,P103,191.0,153.0,1.2483660130718954,24.836601307189543,31.0,accelerating
S09,P104,33.0,23.0,1.434782608695652,43.47826086956521,31.0,accelerating
S09,P105,14.0,8.0,1.75,75.0,30.0,accelerating
S09,P106,4.0,13.0,0.3076923076923077,-69.23076923076923,28.0,declining
S09,P107,4.0,3.0,1.3333333333333333,33.33333333333333,23.0,accelerating
S09,P108,13.0,4.0,3.25,225.0,29.0,accelerating
S09,P109,30.0,36.0,0.8333333333333334,-16.666666666666664,31.0,stable
S09,P110,842.0,820.0,1.026829268292683,2.682926829268295,31.0,stable
S09,P111,31.0,34.0,0.9117647058823529,-8.823529411764708,31.0,stable
S09,P112,25.0,9.0,2.7777777777777777,177.77777777777777,28.0,accelerating
S09,P113,35.0,39.0,0.8974358974358975,-10.256410256410254,30.0,stable
S09,P114,25.0,48.0,0.5208333333333334,-47.916666666666664,31.0,declining
S09,P115,9.0,10.0,0.9,-9.999999999999998,30.0,stable
S09,P116,33.0,7.0,4.714285714285714,371.42857142857144,31.0,accelerating
S09,P117,28.0,19.0,1.4736842105263157,47.36842105263157,31.0,accelerating
S09,P118,11.0,5.0,2.2,120.00000000000001,31.0,accelerating
S09,P119,17.0,19.0,0.8947368421052632,-10.526315789473683,30.0,stable
S09,P120,23.0,19.0,1.2105263157894737,21.052631578947366,30.0,accelerating
S09,P121,8.0,22.0,0.36363636363636365,-63.63636363636363,31.0,declining
S09,P122,19.0,26.0,0.7307692307692307,-26.923076923076927,31.0,declining
S09,P123,146.0,103.0,1.4174757281553398,41.747572815533985,31.0,accelerating
S09,P124,59.0,80.0,0.7375,-26.249999999999996,31.0,declining
S09,P125,5.0,20.0,0.25,-75.0,30.0,declining
S09,P126,67.0,80.0,0.8375,-16.249999999999996,31.0,stable
S09,P127,154.0,168.0,0.9166666666666666,-8.333333333333337,31.0,stable
S09,P128,26.0,20.0,1.3,30.000000000000004,30.0,accelerating
S09,P129,122.0,108.0,1.1296296296296295,12.962962962962955,31.0,stable
S09,P130,199.0,181.0,1.0994475138121547,9.944751381215466,31.0,stable
S09,P131,104.0,123.0,0.8455284552845529,-15.44715447154471,31.0,stable
S09,P132,35.0,53.0,0.660377358490566,-33.9622641509434,31.0,declining
S09,P133,217.0,249.0,0.8714859437751004,-12.851405622489963,31.0,stable
S09,P134,102.0,84.0,1.2142857142857142,21.42857142857142,31.0,accelerating
S09,P135,31.0,61.0,0.5081967213114754,-49.18032786885246,31.0,declining
S09,P136,3.0,13.0,0.23076923076923078,-76.92307692307692,29.0,declining
S09,P137,68.0,93.0,0.7311827956989247,-26.881720430107524,31.0,declining
S09,P138,41.0,58.0,0.7068965517241379,-29.31034482758621,31.0,declining
S09,P139,13.0,15.0,0.8666666666666667,-13.33333333333333,28.0,stable
S09,P140,25.0,16.0,1.5625,56.25,31.0,accelerating
S09,P141,33.0,20.0,1.65,64.99999999999999,31.0,accelerating
S09,P142,10.0,7.0,1.4285714285714286,42.85714285714286,31.0,accelerating
S09,P143,75.0,38.0,1.9736842105263157,97.36842105263158,31.0,accelerating
S09,P144,40.0,37.0,1.0810810810810811,8.108108108108114,31.0,stable
S09,P145,24.0,16.0,1.5,50.0,31.0,accelerating
S09,P146,70.0,69.0,1.0144927536231885,1.449275362318847,31.0,stable
S09,P147,34.0,52.0,0.6538461538461539,-34.61538461538461,31.0,declining
S09,P148,3.0,16.0,0.1875,-81.25,28.0,declining
S09,P149,25.0,15.0,1.6666666666666667,66.66666666666667,31.0,accelerating
S09,P150,9.0,21.0,0.42857142857142855,-57.14285714285714,31.0,declining
S09,P151,17.0,14.0,1.2142857142857142,21.42857142857142,30.0,accelerating
S09,P152,54.0,82.0,0.6585365853658537,-34.14634146341463,31.0,declining
S09,P153,49.0,71.0,0.6901408450704225,-30.98591549295775,31.0,declining
S09,P154,12.0,15.0,0.8,-19.999999999999996,31.0,declining
S09,P155,32.0,23.0,1.391304347826087,39.13043478260869,31.0,accelerating
S09,P156,87.0,96.0,0.90625,-9.375,31.0,stable
S09,P157,44.0,58.0,0.7586206896551724,-24.13793103448276,31.0,declining
S09,P158,175.0,167.0,1.0479041916167664,4.79041916167664,31.0,stable
S09,P159,177.0,182.0,0.9725274725274725,-2.7472527472527486,31.0,stable
S09,P160,14.0,7.0,2.0,100.0,23.0,accelerating
S09,P161,149.0,88.0,1.6931818181818181,69.31818181818181,31.0,accelerating
S09,P162,3.0,0.0,,,21.0,
S09,P163,89.0,132.0,0.6742424242424242,-32.57575757575758,31.0,declining
S09,P164,32.0,36.0,0.8888888888888888,-11.111111111111116,31.0,stable
S09,P165,10.0,0.0,,,25.0,
S09,P166,35.0,45.0,0.7777777777777778,-22.22222222222222,31.0,declining
S09,P167,9.0,9.0,1.0,0.0,24.0,stable
S09,P168,15.0,17.0,0.8823529411764706,-11.764705882352944,30.0,stable
S09,P169,59.0,44.0,1.3409090909090908,34.09090909090908,31.0,accelerating
S09,P170,2.0,8.0,0.25,-75.0,29.0,declining
S09,P171,28.0,35.0,0.8,-19.999999999999996,31.0,declining
S09,P172,37.0,33.0,1.121212121212121,12.12121212121211,31.0,stable
S09,P173,8.0,8.0,1.0,0.0,31.0,stable
S09,P174,6.0,5.0,1.2,19.999999999999996,24.0,stable
S09,P175,13.0,9.0,1.4444444444444444,44.44444444444444,31.0,accelerating
S09,P176,159.0,179.0,0.888268156424581,-11.1731843575419,31.0,stable
S09,P177,31.0,27.0,1.1481481481481481,14.814814814814813,31.0,stable
S09,P178,20.0,27.0,0.7407407407407407,-25.92592592592593,31.0,declining
S09,P179,7.0,6.0,1.1666666666666667,16.666666666666675,31.0,stable
S09,P180,67.0,113.0,0.5929203539823009,-40.70796460176991,31.0,declining
S09,P181,52.0,38.0,1.368421052631579,36.8421052631579,31.0,accelerating
S09,P182,30.0,24.0,1.25,25.0,31.0,accelerating
S09,P183,313.0,341.0,0.9178885630498533,-8.211143695014666,31.0,stable
S09,P184,11.0,4.0,2.75,175.0,29.0,accelerating
S09,P185,40.0,25.0,1.6,60.00000000000001,30.0,accelerating
S09,P186,81.0,66.0,1.2272727272727273,22.72727272727273,31.0,accelerating
S09,P187,48.0,29.0,1.6551724137931034,65.51724137931035,31.0,accelerating
S09,P188,88.0,98.0,0.8979591836734694,-10.204081632653061,31.0,stable
S09,P189,10.0,7.0,1.4285714285714286,42.85714285714286,29.0,accelerating
S09,P190,14.0,27.0,0.5185185185185185,-48.14814814814815,31.0,declining
S09,P191,41.0,35.0,1.1714285714285715,17.14285714285715,31.0,stable
S09,P192,21.0,24.0,0.875,-12.5,31.0,stable
S09,P193,67.0,62.0,1.0806451612903225,8.064516129032251,31.0,stable
S09,P194,33.0,48.0,0.6875,-31.25,30.0,declining
S09,P195,70.0,78.0,0.8974358974358975,-10.256410256410254,31.0,stable
S09,P196,50.0,54.0,0.9259259259259259,-7.4074074074074066,31.0,stable
S09,P197,17.0,40.0,0.425,-57.49999999999999,31.0,declining
S09,P198,45.0,45.0,1.0,0.0,31.0,stable
S09,P199,141.0,131.0,1.0763358778625953,7.6335877862595325,31.0,stable
S09,P200,103.0,83.0,1.2409638554216869,24.096385542168687,31.0,accelerating
S09,P201,128.0,119.0,1.0756302521008403,7.563025210084029,31.0,stable
S09,P202,15.0,10.0,1.5,50.0,24.0,accelerating
S09,P203,9.0,5.0,1.8,80.0,29.0,accelerating
S09,P204,11.0,7.0,1.5714285714285714,57.14285714285714,28.0,accelerating
S09,P205,26.0,21.0,1.2380952380952381,23.809523809523814,31.0,accelerating
S09,P206,10.0,2.0,5.0,400.0,30.0,accelerating
S09,P207,1.0,0.0,,,29.0,
S09,P208,7.0,18.0,0.3888888888888889,-61.111111111111114,31.0,declining
S09,P209,7.0,8.0,0.875,-12.5,30.0,stable
S09,P210,3.0,1.0,3.0,200.0,26.0,accelerating
S09,P211,33.0,64.0,0.515625,-48.4375,31.0,declining
S09,P212,102.0,81.0,1.2592592592592593,25.92592592592593,31.0,accelerating
S09,P213,62.0,100.0,0.62,-38.0,31.0,declining
S09,P214,35.0,15.0,2.3333333333333335,133.33333333333334,28.0,accelerating
S09,P215,46.0,40.0,1.15,14.999999999999991,30.0,stable
S09,P216,24.0,31.0,0.7741935483870968,-22.580645161290324,31.0,declining
S09,P217,11.0,20.0,0.55,-44.99999999999999,30.0,declining
S09,P218,38.0,33.0,1.1515151515151516,15.15151515151516,31.0,stable
S09,P219,6.0,6.0,1.0,0.0,28.0,stable
S09,P220,8.0,5.0,1.6,60.00000000000001,27.0,accelerating
S10,P101,121.0,103.0,1.174757281553398,17.475728155339798,31.0,stable
S10,P102,4.0,3.0,1.3333333333333333,33.33333333333333,26.0,accelerating
S10,P103,151.0,184.0,0.8206521739130435,-17.934782608695656,31.0,stable
S10,P104,22.0,11.0,2.0,100.0,31.0,accelerating
S10,P105,10.0,23.0,0.43478260869565216,-56.52173913043479,26.0,declining
S10,P106,6.0,7.0,0.8571428571428571,-14.28571428571429,28.0,stable
S10,P107,1.0,3.0,0.3333333333333333,-66.66666666666667,25.0,declining
S10,P108,6.0,21.0,0.2857142857142857,-71.42857142857143,29.0,declining
S10,P109,40.0,36.0,1.1111111111111112,11.111111111111116,31.0,stable
S10,P110,794.0,823.0,0.9647630619684082,-3.523693803159178,31.0,stable
S10,P111,46.0,50.0,0.92,-7.9999999999999964,31.0,stable
S10,P112,37.0,16.0,2.3125,131.25,31.0,accelerating
S10,P113,20.0,7.0,2.857142857142857,185.71428571428572,31.0,accelerating
S10,P114,25.0,32.0,0.78125,-21.875,31.0,declining
S10,P115,13.0,5.0,2.6,160.0,30.0,accelerating
S10,P116,32.0,24.0,1.3333333333333333,33.33333333333333,31.0,accelerating
S10,P117,25.0,7.0,3.5714285714285716,257.14285714285717,31.0,accelerating
S10,P118,22.0,13.0,1.6923076923076923,69.23076923076923,31.0,accelerating
S10,P119,11.0,39.0,0.28205128205128205,-71.7948717948718,31.0,declining
S10,P120,22.0,14.0,1.5714285714285714,57.14285714285714,31.0,accelerating
S10,P121,10.0,18.0,0.5555555555555556,-44.44444444444444,31.0,declining
S10,P122,34.0,48.0,0.7083333333333334,-29.166666666666664,31.0,declining
S10,P123,156.0,105.0,1.4857142857142858,48.57142857142858,31.0,accelerating
S10,P124,62.0,37.0,1.6756756756756757,67.56756756756756,31.0,accelerating
S10,P125,17.0,19.0,0.8947368421052632,-10.526315789473683,29.0,stable
S10,P126,63.0,97.0,0.6494845360824743,-35.051546391752574,31.0,declining
S10,P127,182.0,153.0,1.1895424836601307,18.954248366013072,31.0,stable
S10,P128,36.0,32.0,1.125,12.5,31.0,stable
S10,P129,94.0,119.0,0.7899159663865546,-21.00840336134454,31.0,declining
S10,P130,180.0,223.0,0.8071748878923767,-19.282511210762333,31.0,stable
S10,P131,135.0,154.0,0.8766233766233766,-12.337662337662337,31.0,stable
S10,P132,40.0,76.0,0.5263157894736842,-47.36842105263158,31.0,declining
S10,P133,276.0,266.0,1.037593984962406,3.759398496240607,31.0,stable
S10,P134,95.0,110.0,0.8636363636363636,-13.636363636363635,31.0,stable
S10,P135,44.0,51.0,0.8627450980392157,-13.725490196078427,31.0,stable
S10,P136,9.0,4.0,2.25,125.0,24.0,accelerating
S10,P137,87.0,67.0,1.2985074626865671,29.850746268656714,31.0,accelerating
S10,P138,62.0,40.0,1.55,55.00000000000001,31.0,accelerating
S10,P139,8.0,10.0,0.8,-19.999999999999996,30.0,declining
S10,P140,23.0,25.0,0.92,-7.9999999999999964,31.0,stable
S10,P141,19.0,21.0,0.9047619047619048,-9.523809523809524,30.0,stable
S10,P142,14.0,10.0,1.4,39.99999999999999,28.0,accelerating
S10,P143,44.0,64.0,0.6875,-31.25,31.0,declining
S10,P144,31.0,42.0,0.7380952380952381,-26.190476190476186,31.0,declining
S10,P145,23.0,31.0,0.7419354838709677,-25.806451612903224,31.0,declining
S10,P146,66.0,45.0,1.4666666666666666,46.66666666666666,31.0,accelerating
S10,P147,41.0,33.0,1.2424242424242424,24.242424242424242,31.0,accelerating
S10,P148,14.0,3.0,4.666666666666667,366.6666666666667,31.0,accelerating
S10,P149,14.0,29.0,0.4827586206896552,-51.72413793103448,31.0,declining
S10,P150,15.0,27.0,0.5555555555555556,-44.44444444444444,30.0,declining
S10,P151,15.0,9.0,1.6666666666666667,66.66666666666667,30.0,accelerating
S10,P152,76.0,69.0,1.1014492753623188,10.144927536231885,31.0,stable
S10,P153,68.0,45.0,1.511111111111111,51.11111111111111,31.0,accelerating
S10,P154,30.0,11.0,2.727272727272727,172.72727272727272,29.0,accelerating
S10,P155,37.0,19.0,1.9473684210526316,94.73684210526316,31.0,accelerating
S10,P156,74.0,93.0,0.7956989247311828,-20.430107526881724,31.0,declining
S10,P157,39.0,37.0,1.054054054054054,5.405405405405395,30.0,stable
S10,P158,170.0,186.0,0.9139784946236559,-8.602150537634412,31.0,stable
S10,P159,177.0,182.0,0.9725274725274725,-2.7472527472527486,31.0,stable
S10,P160,1.0,1.0,1.0,0.0,28.0,stable
S10,P161,120.0,105.0,1.1428571428571428,14.28571428571428,31.0,stable
S10,P162,8.0,0.0,,,18.0,
S10,P163,137.0,117.0,1.170940170940171,17.0940170940171,31.0,stable
S10,P164,27.0,15.0,1.8,80.0,31.0,accelerating
S10,P165,7.0,1.0,7.0,600.0,30.0,accelerating
S10,P166,25.0,57.0,0.43859649122807015,-56.14035087719298,30.0,declining
S10,P167,9.0,4.0,2.25,125.0,29.0,accelerating
S10,P168,9.0,19.0,0.47368421052631576,-52.63157894736843,31.0,declining
S10,P169,61.0,65.0,0.9384615384615385,-6.153846153846154,31.0,stable
S10,P170,8.0,6.0,1.3333333333333333,33.33333333333333,30.0,accelerating
S10,P171,34.0,39.0,0.8717948717948718,-12.82051282051282,31.0,stable
S10,P172,24.0,35.0,0.6857142857142857,-31.428571428571427,31.0,declining
S10,P173,8.0,10.0,0.8,-19.999999999999996,29.0,declining
S10,P174,5.0,10.0,0.5,-50.0,25.0,declining
S10,P175,6.0,17.0,0.35294117647058826,-64.70588235294117,24.0,declining
S10,P176,174.0,155.0,1.1225806451612903,12.25806451612903,31.0,stable
S10,P177,27.0,34.0,0.7941176470588235,-20.588235294117652,31.0,declining
S10,P178,28.0,21.0,1.3333333333333333,33.33333333333333,31.0,accelerating
S10,P179,15.0,7.0,2.142857142857143,114.28571428571428,30.0,accelerating
S10,P180,69.0,92.0,0.75,-25.0,31.0,declining
S10,P181,33.0,26.0,1.2692307692307692,26.923076923076916,31.0,accelerating
S10,P182,15.0,15.0,1.0,0.0,31.0,stable
S10,P183,339.0,322.0,1.0527950310559007,5.2795031055900665,31.0,stable
S10,P184,14.0,9.0,1.5555555555555556,55.55555555555556,29.0,accelerating
S10,P185,30.0,53.0,0.5660377358490566,-43.39622641509434,31.0,declining
S10,P186,60.0,68.0,0.8823529411764706,-11.764705882352944,31.0,stable
S10,P187,41.0,50.0,0.82,-18.000000000000004,31.0,stable
S10,P188,55.0,82.0,0.6707317073170732,-32.92682926829268,31.0,declining
S10,P189,29.0,22.0,1.3181818181818181,31.818181818181813,28.0,accelerating
S10,P190,11.0,25.0,0.44,-56.00000000000001,30.0,declining
S10,P191,33.0,36.0,0.9166666666666666,-8.333333333333337,31.0,stable
S10,P192,49.0,21.0,2.3333333333333335,133.33333333333334,29.0,accelerating
S10,P193,48.0,51.0,0.9411764705882353,-5.882352941176472,31.0,stable
S10,P194,24.0,38.0,0.631578947368421,-36.8421052631579,31.0,declining
S10,P195,79.0,91.0,0.8681318681318682,-13.186813186813184,31.0,stable
S10,P196,27.0,32.0,0.84375,-15.625,31.0,stable
S10,P197,37.0,26.0,1.4230769230769231,42.307692307692314,31.0,accelerating
S10,P198,32.0,34.0,0.9411764705882353,-5.882352941176472,31.0,stable
S10,P199,150.0,103.0,1.4563106796116505,45.63106796116505,31.0,accelerating
S10,P200,65.0,75.0,0.8666666666666667,-13.33333333333333,31.0,stable
S10,P201,124.0,160.0,0.775,-22.499999999999996,31.0,declining
S10,P202,3.0,5.0,0.6,-40.0,24.0,declining
S10,P203,3.0,12.0,0.25,-75.0,29.0,declining
S10,P204,7.0,5.0,1.4,39.99999999999999,29.0,accelerating
S10,P205,25.0,4.0,6.25,525.0,29.0,accelerating
S10,P206,7.0,18.0,0.3888888888888889,-61.111111111111114,31.0,declining
S10,P207,4.0,2.0,2.0,100.0,22.0,accelerating
S10,P208,15.0,21.0,0.7142857142857143,-28.57142857142857,31.0,declining
S10,P209,4.0,10.0,0.4,-60.0,28.0,declining
S10,P210,2.0,1.0,2.0,100.0,28.0,accelerating
S10,P211,61.0,78.0,0.782051282051282,-21.794871794871796,31.0,declining
S10,P212,117.0,64.0,1.828125,82.8125,31.0,accelerating
S10,P213,78.0,66.0,1.1818181818181819,18.181818181818187,31.0,stable
S10,P214,14.0,8.0,1.75,75.0,30.0,accelerating
S10,P215,34.0,46.0,0.7391304347826086,-26.086956521739136,31.0,declining
S10,P216,28.0,16.0,1.75,75.0,30.0,accelerating
S10,P217,11.0,12.0,0.9166666666666666,-8.333333333333337,31.0,stable
S10,P218,31.0,48.0,0.6458333333333334,-35.416666666666664,30.0,declining
S10,P219,7.0,21.0,0.3333333333333333,-66.66666666666667,31.0,declining
S10,P220,8.0,9.0,0.8888888888888888,-11.111111111111116,31.0,stable
