variable,n,spearman_demand,spearman_stockout
temp_c,28983,0.003625852739125047,0.019178777624034225
rain_mm,28983,-0.001413775344433998,-0.00035619524107635225
holiday,28983,-0.007870320341265741,-0.004391770692290827
festival,28983,0.003029962195851276,-0.003766585083470463
weekend,28983,0.0030637924871069126,0.01111409520192832
local_event,28983,0.0035405752499687777,0.0074102024182541365
avg_discount_pct,29079,0.12507578893323762,-0.0018704560315233214
avg_selling_price,29079,-0.07356172025211256,-0.005020156726493668
closing,21009,-0.0005577004973972762,-0.0675464012490978
lead_days,21010,0.0011749482208832935,-0.000534116960365658
cost_price,29079,-0.06959849219430667,-0.005049155784721616
shelf_life_days,29079,0.029850575729210366,0.002774153937270435
