feature,evidence_in_eda,business_meaning,expected_usefulness,potential_leakage_risk,data_availability,recommendation_phase_3
day_of_week / weekend_flag / month / week_no,Calendar and weekend summaries are available,Represent recurring time patterns,Useful for short-horizon demand,"Low, if built from prediction-date calendar",Available,Required Phase 3 baseline
lag_1 / lag_7 / lag_14 / rolling_mean_7 / rolling_std_7,Daily Store x Product history supports trailing windows,Recent demand level and variability,Core forecast signal,Must be strictly past-only,Available after feature construction,Required Phase 3 baseline
days_of_inventory / inventory_to_demand_ratio / reorder_gap,Coverage varies and low-stock rows exist,Inventory sufficiency relative to demand,Supports stock-out risk and action,Closing stock must be point-in-time,Available with inventory coverage,Required Phase 3 with missingness flags
promotion_flag / discount_pct / price_change,Promotion and discount groups differ descriptively and are testable,Commercial context,Potential demand adjustment,Promotion assignment is confounded,Available,"Required Phase 3, interpret cautiously"
demand_momentum,"Exploratory recent/previous 7-day ratios classify accelerating, stable, declining",Recent direction,May improve short-horizon forecasts,Requires enough history and past-only windows,Available for 31-day histories,Carry forward for validation
demand_volatility / demand_cv / rolling_std_7,CV and rolling dispersion vary materially across Store x Product,Uncertainty and replenishment sensitivity,Useful for risk calibration,Sparse histories make CV unstable,Available,Carry forward with minimum-history rule
zero_demand_ratio / intermittent_demand_flag,Sparse and frequent-zero combinations are present,Intermittent demand behaviour,Supports specialised forecast handling,Observed zeros may reflect missing observation coverage,Available,Carry forward with coverage caveat
demand_regime,Stable/accelerating/declining bands are exploratory only,Behavioural segment,Potential explanation layer,Thresholds are arbitrary until validated,Available,Pilot only; reject as production feature until validated
days_to_stockout / lead_time_gap,Coverage can be compared with lead days,Replenishment urgency,Direct decision-support value,Demand rate and closing stock are noisy,Available on inventory rows,Carry forward with guards
shelf_life_exposure,Coverage-to-shelf-life ratio identifies potential exposure,Risk of holding beyond shelf-life horizon,Supports rotation review,Not expiry prediction; positive demand required,Available for shelf-life products,Carry forward as exploratory
inventory_reconciliation_score,POS and inventory sold mismatch on most matched observations,Source reliability/context,Prevents blind substitution,Not a demand truth label,Available,"Carry forward as diagnostic, not target"
financial_exposure,Observed stock-out rows imply descriptive lost revenue/margin,Business consequence,Prioritises review,Not expected loss and demand is censored,Available,"Use for explanation, not target leakage"
store_product_demand_difference,Cross-store summary supports demand/inventory comparison,Potential rebalancing signal,Could identify transfer candidates,Requires aligned time and stock quality,Available,Carry forward to Phase 5 candidate layer
supplier_exposure,Supplier summaries differ in lead time and stock-out exposure,Operational concentration,Supports supplier-risk review,No causal supplier attribution,Available,Use descriptive only
customers,Unique customer counts are available,Traffic context,May explain demand variation,Aggregated count and sparse coverage,Available as unique_customer_count,Evaluate in Phase 3
temperature / rainfall / events,External relationships are measured in summary table,Contextual demand signal,Unknown until validation,Limited one-month history and imputation flags,Available,Include only if validation supports
final dashboard / recommendation engine,Out of scope for Phase 2,Not an EDA feature,None yet,Would mix phases,Not applicable,Rejected for Phase 2
