column,missing_count
date,0
store_id,0
product_id,0
transaction_demand,0
revenue,0
transaction_count,0
unique_customer_count,0
avg_selling_price,0
avg_discount_pct,0
promotion_active,0
peak_hour,0
invalid_qty_count,0
invalid_price_count,0
category,0
sub_category,0
brand,0
mrp,0
cost_price,0
shelf_life_days,0
supplier_id,0
invalid_supplier_flag,0
city,0
store_type,0
floor_area_sqft,0
avg_daily_customers,0
region,0
opening,8069
received,8069
inventory_sold,8069
closing,8070
reorder_lvl,8069
lead_days,8069
inventory_balance_gap,8070
reconciliation_status,8069
invalid_inventory_flag,8069
invalid_lead_flag,8069
expected_closing,8069
inv_orphan_store_flag,8069
inv_orphan_product_flag,8069
temp_c,96
rain_mm,96
holiday,96
festival,96
weekend,96
local_event,96
temp_imputed_flag,96
rain_imputed_flag,96
history_length,0
zero_demand_ratio,0
active_days,0
sparse_history_flag,0
mean_daily_demand,0
inventory_demand_gap,8069
weekday,0
week_no,0
month,0
weekend_flag,0
stockout_observed,0
inventory_observed,0
stockout_event,8070
inventory_value,8070
cogs,8069
daily_demand_rate,0
days_of_inventory,8070
inventory_to_demand_ratio,8070
days_to_stockout,8070
lead_time_gap,8070
shelf_life_exposure_ratio,8070
potential_lost_sales_units,29047
potential_lost_revenue,29047
potential_lost_margin,29047
realized_margin,0
