category,normal_mean_demand,promoted_mean_demand,promotion_lift
Bakery,4.262218045112782,9.130746268656717,1.1422522667807602
Beverages,4.287965616045845,23.061048689138577,4.378086196130547
Dairy,3.4493070751276442,11.8003291278113,2.4210723692597362
Frozen,4.055879899916597,7.979956663055255,0.9675031953533313
Fruits & Vegetables,3.6161048689138577,12.856191004997223,2.555259449336363
Household,4.307881773399015,12.070803500397773,1.802027570704114
Personal Care,3.9614457831325303,12.77919621749409,2.2258919892092743
Snacks,4.057287278854254,16.149771689497715,2.9804358379222986
Staples,3.530821917808219,10.896664486592543,2.08615521831719
