store_id,category,stockout_rate,stockout_events,observations
S01,Bakery,0.0,0,278
S01,Beverages,0.003367003367003367,1,404
S01,Dairy,0.0,0,322
S01,Frozen,0.0,0,310
S01,Fruits & Vegetables,0.0,0,287
S01,Household,0.0,0,371
S01,Personal Care,0.0,0,341
S01,Snacks,0.0,0,340
S01,Staples,0.0,0,274
S02,Bakery,0.0,0,264
S02,Beverages,0.0,0,402
S02,Dairy,0.004291845493562232,1,322
S02,Frozen,0.0,0,303
S02,Fruits & Vegetables,0.0,0,298
S02,Household,0.0037174721189591076,1,373
S02,Personal Care,0.0,0,335
S02,Snacks,0.004464285714285714,1,340
S02,Staples,0.0,0,272
S03,Bakery,0.0,0,273
S03,Beverages,0.006756756756756757,2,406
S03,Dairy,0.004405286343612335,1,316
S03,Frozen,0.009259259259259259,2,302
S03,Fruits & Vegetables,0.005050505050505051,1,280
S03,Household,0.003703703703703704,1,360
S03,Personal Care,0.0,0,336
S03,Snacks,0.0041841004184100415,1,340
S03,Staples,0.0,0,275
S04,Bakery,0.0,0,284
S04,Beverages,0.0,0,402
S04,Dairy,0.003875968992248062,1,317
S04,Frozen,0.0,0,301
S04,Fruits & Vegetables,0.0,0,283
S04,Household,0.0,0,374
S04,Personal Care,0.0,0,339
S04,Snacks,0.0,0,333
S04,Staples,0.0,0,273
S05,Bakery,0.0,0,274
S05,Beverages,0.003401360544217687,1,413
S05,Dairy,0.0,0,323
S05,Frozen,0.0,0,308
S05,Fruits & Vegetables,0.0049504950495049506,1,287
S05,Household,0.0,0,378
S05,Personal Care,0.0037313432835820895,1,343
S05,Snacks,0.004219409282700422,1,329
S05,Staples,0.0,0,275
S06,Bakery,0.0,0,268
S06,Beverages,0.0035211267605633804,1,404
S06,Dairy,0.0,0,314
S06,Frozen,0.004901960784313725,1,303
S06,Fruits & Vegetables,0.0,0,281
S06,Household,0.0,0,371
S06,Personal Care,0.0,0,333
S06,Snacks,0.0,0,331
S06,Staples,0.0,0,265
S07,Bakery,0.0,0,277
S07,Beverages,0.0035211267605633804,1,401
S07,Dairy,0.0,0,323
S07,Frozen,0.0,0,300
S07,Fruits & Vegetables,0.0,0,293
S07,Household,0.0035087719298245615,1,376
S07,Personal Care,0.0,0,337
S07,Snacks,0.0,0,340
S07,Staples,0.0,0,260
S08,Bakery,0.0,0,265
S08,Beverages,0.0,0,410
S08,Dairy,0.0,0,330
S08,Frozen,0.0,0,302
S08,Fruits & Vegetables,0.0,0,295
S08,Household,0.0,0,375
S08,Personal Care,0.004098360655737705,1,341
S08,Snacks,0.0041841004184100415,1,344
S08,Staples,0.005235602094240838,1,267
S09,Bakery,0.005319148936170213,1,272
S09,Beverages,0.0034482758620689655,1,415
S09,Dairy,0.0,0,314
S09,Frozen,0.0,0,305
S09,Fruits & Vegetables,0.0,0,292
S09,Household,0.0,0,382
S09,Personal Care,0.004032258064516129,1,333
S09,Snacks,0.0,0,337
S09,Staples,0.0,0,267
S10,Bakery,0.0,0,284
S10,Beverages,0.0033003300330033004,1,409
S10,Dairy,0.004405286343612335,1,313
S10,Frozen,0.004291845493562232,1,311
S10,Fruits & Vegetables,0.0,0,273
S10,Household,0.003875968992248062,1,372
S10,Personal Care,0.004219409282700422,1,322
S10,Snacks,0.0,0,343
S10,Staples,0.0,0,269
