date,stockouts,stockout_rate,demand
2026-07-31,0,,2
2026-08-01,3,0.004341534008683068,9133
2026-08-02,0,0.0,9025
2026-08-03,0,0.0,9146
2026-08-04,1,0.0013869625520110957,9566
2026-08-05,1,0.001445086705202312,9461
2026-08-06,0,0.0,9274
2026-08-07,2,0.002936857562408223,9488
2026-08-08,0,0.0,9379
2026-08-09,3,0.004601226993865031,9344
2026-08-10,0,0.0,9224
2026-08-11,1,0.0015151515151515152,9496
2026-08-12,2,0.0029985007496251873,8919
2026-08-13,1,0.0014947683109118087,9189
2026-08-14,3,0.004497751124437781,9291
2026-08-15,0,0.0,9286
2026-08-16,2,0.00291970802919708,9622
2026-08-17,0,0.0,9134
2026-08-18,0,0.0,8885
2026-08-19,1,0.0014534883720930232,9889
2026-08-20,1,0.001451378809869376,9720
2026-08-21,1,0.0014749262536873156,9163
2026-08-22,3,0.004497751124437781,9480
2026-08-23,0,0.0,9413
2026-08-24,1,0.0015082956259426848,9304
2026-08-25,1,0.0015105740181268882,8909
2026-08-26,0,0.0,9430
2026-08-27,1,0.0015060240963855422,8961
2026-08-28,0,0.0,9226
2026-08-29,1,0.0014903129657228018,9502
2026-08-30,3,0.004424778761061947,9627
2026-08-31,0,0.0,9272
2026-09-01,0,,1
