store_id,product_id,mean_demand,mean_inventory,stockout_rate,inventory_value,category
S01,P101,14.03225806451613,540.9629629629629,0.0,115306.25555555556,Beverages
S01,P102,2.0,455.42857142857144,0.0,62002.045714285705,Beverages
S01,P103,22.35483870967742,385.3076923076923,0.0,15839.99923076923,Beverages
S01,P104,4.481481481481482,404.0,0.0,70651.52,Personal Care
S01,P105,2.8125,396.46666666666664,0.0,11216.042,Household
S01,P106,2.3846153846153846,319.55555555555554,0.0,40586.75111111111,Dairy
S01,P107,2.0,190.14285714285714,0.0,62937.28571428572,Bakery
S01,P108,2.8125,324.84615384615387,0.0,139359.0,Frozen
S01,P109,7.25,361.2083333333333,0.0,223938.3304166667,Fruits & Vegetables
S01,P110,114.6774193548387,418.6521739130435,0.0,21024.712173913045,Beverages
S01,P111,6.25,309.29411764705884,0.0,7757.096470588234,Snacks
S01,P112,2.75,458.8333333333333,0.0,204157.89166666663,Staples
S01,P113,2.6923076923076925,587.7,0.0,29561.309999999998,Personal Care
S01,P114,4.714285714285714,450.4,0.0,69631.84,Household
S01,P115,2.1875,431.8888888888889,0.0,20860.23333333333,Dairy
S01,P116,4.785714285714286,431.0,0.0,18252.85,Bakery
S01,P117,4.16,492.0,0.0,199038.6,Frozen
S01,P118,2.76,392.0,0.0,76424.32,Fruits & Vegetables
S01,P119,3.0,599.0,0.0,40977.59,Beverages
S01,P120,3.3461538461538463,317.5,0.0,24022.05,Snacks
S01,P121,2.1,337.1875,0.0,46923.0125,Snacks
S01,P122,3.6333333333333333,411.12,0.0,48421.7136,Personal Care
S01,P123,18.0,478.8,0.0,37537.92,Household
S01,P124,9.903225806451612,324.23809523809524,0.0,160974.48714285716,Dairy
S01,P125,3.739130434782609,435.6,0.0,173373.15600000002,Bakery
S01,P126,10.580645161290322,447.1363636363636,0.0,7605.789545454547,Frozen
S01,P127,24.06451612903226,514.75,0.0,24383.7075,Fruits & Vegetables
S01,P128,3.4,401.3636363636364,0.045454545454545456,18563.06818181818,Beverages
S01,P129,15.161290322580646,378.7894736842105,0.0,108470.15368421054,Snacks
S01,P130,28.70967741935484,368.25,0.0,18508.245,Staples
S01,P131,13.516129032258064,412.60869565217394,0.0,37006.87391304348,Personal Care
S01,P132,7.580645161290323,484.1,0.0,29050.840999999997,Household
S01,P133,38.064516129032256,347.2307692307692,0.0,46619.20307692308,Dairy
S01,P134,16.516129032258064,476.0,0.0,135222.08,Bakery
S01,P135,7.806451612903226,378.0,0.0,54583.2,Frozen
S01,P136,3.1818181818181817,323.57142857142856,0.0,14356.864285714284,Staples
S01,P137,12.193548387096774,482.625,0.0,20637.045,Beverages
S01,P138,7.233333333333333,494.625,0.0,164319.37125,Snacks
S01,P139,2.875,393.63157894736844,0.0,58702.277368421055,Staples
S01,P140,3.9583333333333335,564.5625,0.0,288186.57375,Personal Care
S01,P141,3.103448275862069,436.55,0.0,228913.7235,Household
S01,P142,3.0,420.2857142857143,0.0,7518.9114285714295,Dairy
S01,P143,5.827586206896552,446.7826086956522,0.0,8475.466086956521,Bakery
S01,P144,6.366666666666666,396.30434782608694,0.0,27994.93913043478,Frozen
S01,P145,5.076923076923077,499.1666666666667,0.0,205012.74166666667,Fruits & Vegetables
S01,P146,9.193548387096774,367.2608695652174,0.0,110736.49739130435,Beverages
S01,P147,5.903225806451613,507.95454545454544,0.0,44999.693181818184,Snacks
S01,P148,2.8095238095238093,460.88235294117646,0.0,19407.75588235294,Staples
S01,P149,4.8076923076923075,500.05555555555554,0.0,158377.59555555557,Personal Care
S01,P150,3.3684210526315788,419.0833333333333,0.0,9529.955,Household
S01,P151,3.0454545454545454,530.8235294117648,0.0,45634.89882352942,Dairy
S01,P152,11.387096774193548,380.5925925925926,0.0,12300.752592592593,Bakery
S01,P153,6.838709677419355,390.1818181818182,0.0,89012.17818181818,Frozen
S01,P154,3.0833333333333335,474.0,0.0,75508.20000000001,Fruits & Vegetables
S01,P155,4.3,464.2608695652174,0.0,18965.05652173913,Beverages
S01,P156,11.67741935483871,348.2,0.0,42818.154,Snacks
S01,P157,6.0344827586206895,425.0869565217391,0.0,33267.3052173913,Staples
S01,P158,26.548387096774192,443.44444444444446,0.0,47688.015555555554,Personal Care
S01,P159,24.903225806451612,440.03846153846155,0.0,29728.99846153846,Household
S01,P160,1.75,382.14285714285717,0.0,4207.392857142857,Dairy
S01,P161,16.193548387096776,409.0769230769231,0.0,61467.898461538454,Household
S01,P162,3.0,495.25,0.0,25436.04,Frozen
S01,P163,17.35483870967742,483.0,0.0,25579.679999999997,Fruits & Vegetables
S01,P164,5.62962962962963,385.625,0.0,61237.25000000001,Beverages
S01,P165,2.8181818181818183,560.1666666666666,0.0,33850.871666666666,Snacks
S01,P166,4.25,351.27272727272725,0.0,13186.778181818181,Staples
S01,P167,1.8461538461538463,439.125,0.0,40078.93875,Personal Care
S01,P168,2.6,411.875,0.0,9691.41875,Household
S01,P169,8.413793103448276,472.3478260869565,0.0,47612.66086956522,Dairy
S01,P170,2.625,391.72727272727275,0.0,10000.797272727274,Bakery
S01,P171,5.230769230769231,489.14285714285717,0.0,139997.57714285713,Frozen
S01,P172,4.173913043478261,478.2307692307692,0.0,184109.28153846154,Fruits & Vegetables
S01,P173,2.75,473.15384615384613,0.0,20146.89076923077,Beverages
S01,P174,2.4,471.6666666666667,0.0,16503.61666666667,Snacks
S01,P175,3.0555555555555554,578.7857142857143,0.0,43194.77785714286,Staples
S01,P176,21.612903225806452,455.5217391304348,0.0,15929.595217391305,Personal Care
S01,P177,3.8620689655172415,504.39130434782606,0.0,56431.299130434774,Household
S01,P178,3.925925925925926,458.8636363636364,0.0,66617.82272727274,Dairy
S01,P179,3.0,369.6666666666667,0.0,64835.83666666666,Bakery
S01,P180,12.774193548387096,411.0833333333333,0.0,7165.1825,Frozen
S01,P181,5.206896551724138,394.85,0.0,87246.05600000001,Dairy
S01,P182,3.4285714285714284,440.2307692307692,0.0,40100.62076923077,Beverages
S01,P183,46.83870967741935,372.0,0.0,10620.6,Snacks
S01,P184,2.75,529.2,0.0,12272.148000000001,Staples
S01,P185,5.387096774193548,340.2173913043478,0.0,76610.15217391304,Personal Care
S01,P186,8.166666666666666,493.69565217391306,0.0,48747.50869565217,Household
S01,P187,7.758620689655173,510.2,0.0,13040.712,Dairy
S01,P188,8.612903225806452,394.44,0.0,32939.6844,Bakery
S01,P189,4.083333333333333,562.0,0.0,195339.96,Frozen
S01,P190,3.782608695652174,546.75,0.0,354714.9975,Fruits & Vegetables
S01,P191,5.0,372.0,0.0,33037.32,Beverages
S01,P192,5.678571428571429,442.6,0.0,187498.638,Snacks
S01,P193,8.258064516129032,428.9259259259259,0.0,102912.19740740741,Staples
S01,P194,6.724137931034483,463.09090909090907,0.0,18185.58,Personal Care
S01,P195,9.483870967741936,391.4761904761905,0.0,13517.672857142858,Household
S01,P196,5.785714285714286,328.7826086956522,0.0,43063.946086956516,Dairy
S01,P197,4.666666666666667,482.05,0.0,18221.489999999998,Bakery
S01,P198,5.461538461538462,418.57142857142856,0.0,41455.31428571429,Frozen
S01,P199,22.193548387096776,417.1304347826087,0.0,92502.8452173913,Fruits & Vegetables
S01,P200,9.806451612903226,558.68,0.0,178224.5068,Beverages
S01,P201,20.967741935483872,377.15,0.0,65620.3285,Snacks
S01,P202,1.8571428571428572,385.6,0.0,85572.352,Staples
S01,P203,2.909090909090909,410.1666666666667,0.0,59519.285,Personal Care
S01,P204,2.9285714285714284,400.1,0.0,45087.269,Household
S01,P205,2.5652173913043477,443.35,0.0,100786.7555,Dairy
S01,P206,3.2857142857142856,405.5833333333333,0.0,5163.075833333333,Bakery
S01,P207,1.3333333333333333,517.125,0.0,11418.119999999999,Frozen
S01,P208,2.5,321.94117647058823,0.0,53712.665882352936,Fruits & Vegetables
S01,P209,2.5714285714285716,524.1818181818181,0.0,14221.052727272729,Beverages
S01,P210,1.8888888888888888,347.0,0.0,5531.18,Snacks
S01,P211,7.966666666666667,451.4375,0.0,29104.175625,Staples
S01,P212,11.32258064516129,452.82608695652175,0.0,66574.49130434783,Personal Care
S01,P213,10.35483870967742,407.9583333333333,0.0,16738.530416666665,Household
S01,P214,3.1578947368421053,417.7142857142857,0.0,5259.022857142858,Dairy
S01,P215,6.0,422.6,0.0,25825.086,Bakery
S01,P216,3.28,438.94736842105266,0.0,25379.936842105264,Frozen
S01,P217,2.44,446.85714285714283,0.0,227915.01714285716,Fruits & Vegetables
S01,P218,5.516129032258065,492.04761904761904,0.0,294431.4542857143,Beverages
S01,P219,3.2777777777777777,392.07142857142856,0.0,7896.318571428572,Snacks
S01,P220,2.0833333333333335,438.9,0.0,26307.665999999997,Staples
S02,P101,13.64516129032258,497.8,0.0,106106.07,Beverages
S02,P102,1.5,601.0,0.0,81820.14,Beverages
S02,P103,22.516129032258064,365.45454545454544,0.0,15023.836363636365,Beverages
S02,P104,4.291666666666667,449.77777777777777,0.0,78657.13777777778,Personal Care
S02,P105,2.533333333333333,479.9230769230769,0.0,13577.023846153847,Household
S02,P106,2.5,373.25,0.0,47406.482500000006,Dairy
S02,P107,2.0,170.33333333333334,0.0,56380.333333333336,Bakery
S02,P108,2.5454545454545454,247.0,0.0,105963.0,Frozen
S02,P109,6.0,538.3461538461538,0.0,333758.46499999997,Fruits & Vegetables
S02,P110,121.87096774193549,429.6521739130435,0.0,21577.132173913044,Beverages
S02,P111,7.233333333333333,393.1904761904762,0.0,9861.217142857142,Snacks
S02,P112,2.5238095238095237,433.0,0.0,192663.35,Staples
S02,P113,3.0,389.5238095238095,0.0,19593.04761904762,Personal Care
S02,P114,3.857142857142857,445.1764705882353,0.0,68824.28235294118,Household
S02,P115,2.1666666666666665,507.8888888888889,0.0,24531.033333333333,Dairy
S02,P116,5.035714285714286,302.0,0.0,12789.7,Bakery
S02,P117,3.5357142857142856,146.0,0.0,59064.3,Frozen
S02,P118,3.892857142857143,451.3333333333333,0.0,87991.94666666667,Fruits & Vegetables
S02,P119,3.5217391304347827,331.2,0.0,22657.392,Beverages
S02,P120,2.7586206896551726,490.6666666666667,0.0,37123.84,Snacks
S02,P121,2.4545454545454546,429.0625,0.0625,59708.3375,Snacks
S02,P122,3.730769230769231,506.6470588235294,0.0,59672.89058823529,Personal Care
S02,P123,17.548387096774192,457.82608695652175,0.0,35893.565217391304,Household
S02,P124,10.03225806451613,553.3333333333334,0.0,274713.4,Dairy
S02,P125,3.0,358.93333333333334,0.0,142859.05599999998,Bakery
S02,P126,11.419354838709678,368.5769230769231,0.0,6269.493461538462,Frozen
S02,P127,24.967741935483872,401.6923076923077,0.0,19028.164615384616,Fruits & Vegetables
S02,P128,4.5,543.9090909090909,0.0,25155.795454545456,Beverages
S02,P129,16.580645161290324,476.125,0.0,136343.155,Snacks
S02,P130,28.93548387096774,496.5,0.0,24954.09,Staples
S02,P131,17.677419354838708,376.75,0.0,33790.7075,Personal Care
S02,P132,8.35483870967742,419.4166666666667,0.0,25169.194166666664,Household
S02,P133,33.70967741935484,477.44444444444446,0.0,64101.69111111111,Dairy
S02,P134,12.67741935483871,428.85714285714283,0.0,121829.73714285714,Bakery
S02,P135,8.133333333333333,474.04,0.0,68451.376,Frozen
S02,P136,2.1,507.0,0.0,22495.589999999997,Staples
S02,P137,13.129032258064516,487.5652173913044,0.0,20848.288695652172,Beverages
S02,P138,7.32258064516129,351.04545454545456,0.0,116620.81045454544,Snacks
S02,P139,2.7083333333333335,492.875,0.0,73502.44875,Staples
S02,P140,4.785714285714286,502.5238095238095,0.0,256518.30380952382,Personal Care
S02,P141,4.3,491.1818181818182,0.0,257561.00999999998,Household
S02,P142,3.4545454545454546,285.1818181818182,0.0,5101.902727272728,Dairy
S02,P143,7.161290322580645,449.82142857142856,0.0,8533.1125,Bakery
S02,P144,6.392857142857143,369.14285714285717,0.0,26076.25142857143,Frozen
S02,P145,3.9130434782608696,538.0,0.0,220961.98,Fruits & Vegetables
S02,P146,8.774193548387096,507.14285714285717,0.0,152913.7142857143,Beverages
S02,P147,5.966666666666667,413.94444444444446,0.0,36671.33833333334,Snacks
S02,P148,2.3846153846153846,516.7142857142857,0.0,21758.838571428572,Staples
S02,P149,4.56,329.0,0.0,104200.88,Personal Care
S02,P150,3.210526315789474,502.8125,0.0,11433.95625,Household
S02,P151,3.1666666666666665,457.2307692307692,0.0,39308.12923076923,Dairy
S02,P152,10.129032258064516,316.2173913043478,0.0,10220.146086956522,Bakery
S02,P153,10.064516129032258,472.15,0.0,107711.57949999999,Frozen
S02,P154,3.75,439.55,0.0,70020.315,Fruits & Vegetables
S02,P155,5.064516129032258,406.60869565217394,0.0,16609.965217391305,Beverages
S02,P156,10.935483870967742,430.1818181818182,0.0,52899.45818181818,Snacks
S02,P157,6.566666666666666,413.04761904761904,0.0,32325.106666666667,Staples
S02,P158,22.70967741935484,390.25925925925924,0.0,41968.48074074074,Personal Care
S02,P159,28.548387096774192,481.7391304347826,0.0,32546.295652173914,Household
S02,P160,1.7777777777777777,564.0,0.16666666666666666,6209.639999999999,Dairy
S02,P161,15.741935483870968,420.68,0.04,63211.3768,Household
S02,P162,3.0,657.0,0.0,33743.52,Frozen
S02,P163,20.387096774193548,429.34615384615387,0.0,22738.172307692308,Fruits & Vegetables
S02,P164,4.125,420.2,0.0,66727.76000000001,Beverages
S02,P165,2.7777777777777777,449.8333333333333,0.0,27183.428333333333,Snacks
S02,P166,6.3,515.5652173913044,0.0,19354.318260869564,Staples
S02,P167,2.769230769230769,491.1666666666667,0.0,44828.78166666667,Personal Care
S02,P168,2.761904761904762,263.72727272727275,0.0,6205.5027272727275,Household
S02,P169,8.0,461.76,0.0,46545.407999999996,Dairy
S02,P170,1.8888888888888888,308.875,0.0,7885.578750000001,Bakery
S02,P171,5.866666666666666,459.39130434782606,0.0,131482.3852173913,Frozen
S02,P172,3.7142857142857144,522.24,0.0,201051.9552,Fruits & Vegetables
S02,P173,2.4166666666666665,450.375,0.0,19176.9675,Beverages
S02,P174,2.727272727272727,505.6,0.0,17690.944,Snacks
S02,P175,3.2,447.84615384615387,0.0,33422.75846153846,Staples
S02,P176,24.677419354838708,571.4615384615385,0.0,19984.01,Personal Care
S02,P177,4.357142857142857,499.5625,0.0,55891.0525,Household
S02,P178,4.678571428571429,439.42105263157896,0.0,63795.14842105263,Dairy
S02,P179,2.111111111111111,491.85714285714283,0.0,86266.82428571428,Bakery
S02,P180,12.612903225806452,384.3478260869565,0.0,6699.182608695653,Frozen
S02,P181,5.714285714285714,432.5833333333333,0.0,95583.61333333334,Dairy
S02,P182,2.2222222222222223,462.25,0.0,42106.3525,Beverages
S02,P183,46.096774193548384,433.82608695652175,0.0,12385.734782608697,Snacks
S02,P184,3.2666666666666666,502.0,0.0,11641.380000000001,Staples
S02,P185,5.0,478.45454545454544,0.0,107738.39454545455,Personal Care
S02,P186,9.0,372.44,0.0,36774.7256,Household
S02,P187,6.709677419354839,436.0952380952381,0.0,11146.594285714285,Dairy
S02,P188,12.419354838709678,442.59090909090907,0.0,36960.766818181815,Bakery
S02,P189,3.5416666666666665,429.65,0.0,149337.747,Frozen
S02,P190,4.142857142857143,336.42857142857144,0.0,218264.76428571428,Fruits & Vegetables
S02,P191,5.931034482758621,401.6666666666667,0.0,35672.01666666667,Beverages
S02,P192,5.896551724137931,387.55555555555554,0.0,164180.16,Snacks
S02,P193,8.96774193548387,415.0,0.0,99570.95,Staples
S02,P194,4.827586206896552,355.95238095238096,0.0,13978.25,Personal Care
S02,P195,11.709677419354838,428.2857142857143,0.0,14788.705714285714,Household
S02,P196,6.0344827586206895,433.2857142857143,0.0,56751.76285714285,Dairy
S02,P197,5.666666666666667,501.55,0.0,18958.59,Bakery
S02,P198,5.038461538461538,582.45,0.0,57685.84800000001,Frozen
S02,P199,21.548387096774192,345.0416666666667,0.0,76516.44,Fruits & Vegetables
S02,P200,10.870967741935484,560.7142857142857,0.0,178873.4642857143,Beverages
S02,P201,21.161290322580644,423.25,0.0,73641.2675,Snacks
S02,P202,1.75,457.875,0.0,101611.62,Staples
S02,P203,2.8333333333333335,266.5,0.0,38671.815,Personal Care
S02,P204,2.0,301.2,0.0,33942.227999999996,Household
S02,P205,3.142857142857143,417.6666666666667,0.0,94948.16333333334,Dairy
S02,P206,2.375,373.15384615384613,0.0,4750.248461538462,Bakery
S02,P207,1.25,505.3333333333333,0.0,11157.76,Frozen
S02,P208,2.8181818181818183,334.4,0.0,55791.296,Fruits & Vegetables
S02,P209,2.9523809523809526,392.0,0.0,10634.96,Beverages
S02,P210,2.5,327.4,0.0,5218.755999999999,Snacks
S02,P211,7.966666666666667,450.4347826086956,0.0,29039.530434782606,Staples
S02,P212,11.6,471.75,0.0,69356.68500000001,Personal Care
S02,P213,11.03225806451613,462.8695652173913,0.0,18991.538260869565,Household
S02,P214,2.3684210526315788,509.6875,0.0,6416.965625,Dairy
S02,P215,8.448275862068966,531.9230769230769,0.0,32505.819230769233,Bakery
S02,P216,4.142857142857143,337.27777777777777,0.0,19501.401111111114,Frozen
S02,P217,3.0,416.36842105263156,0.0,212364.54947368422,Fruits & Vegetables
S02,P218,6.071428571428571,427.38461538461536,0.0,255738.40615384612,Beverages
S02,P219,3.0,396.0,0.0,7975.4400000000005,Snacks
S02,P220,3.2142857142857144,469.5833333333333,0.0,28146.824999999997,Staples
S03,P101,13.774193548387096,452.07142857142856,0.0,96359.02500000001,Beverages
S03,P102,2.0,305.6666666666667,0.0,41613.46,Beverages
S03,P103,24.774193548387096,335.0,0.0,13771.85,Beverages
S03,P104,4.333333333333333,367.44444444444446,0.0,64258.68444444445,Personal Care
S03,P105,2.933333333333333,286.7692307692308,0.0,8112.701538461538,Household
S03,P106,2.1176470588235294,426.64285714285717,0.0,54187.90928571428,Dairy
S03,P107,2.8,427.4,0.0,141469.4,Bakery
S03,P108,1.9090909090909092,446.72727272727275,0.0,191646.0,Frozen
S03,P109,5.103448275862069,498.42857142857144,0.0,309010.7614285714,Fruits & Vegetables
S03,P110,114.25806451612904,395.375,0.0,19855.732500000002,Beverages
S03,P111,6.354838709677419,512.64,0.0,12857.011199999999,Snacks
S03,P112,2.782608695652174,597.8666666666667,0.0,266020.7733333333,Staples
S03,P113,3.260869565217391,409.53333333333336,0.0,20599.526666666665,Personal Care
S03,P114,6.064516129032258,393.0,0.0,60757.799999999996,Household
S03,P115,1.9333333333333333,626.5454545454545,0.0,30262.14545454545,Dairy
S03,P116,4.451612903225806,373.25,0.0,15807.1375,Bakery
S03,P117,4.130434782608695,415.25,0.0,167989.3875,Frozen
S03,P118,3.4285714285714284,731.0,0.0,142515.76,Fruits & Vegetables
S03,P119,3.5,277.0,0.0,18949.57,Beverages
S03,P120,2.92,523.0,0.0,39570.18,Snacks
S03,P121,2.3684210526315788,400.4,0.0,55719.664,Snacks
S03,P122,4.32,414.4117647058824,0.0,48809.41764705882,Personal Care
S03,P123,17.096774193548388,391.6666666666667,0.0,30706.666666666668,Household
S03,P124,8.64516129032258,408.94444444444446,0.0,203028.64833333335,Dairy
S03,P125,2.25,548.6875,0.0,218383.111875,Bakery
S03,P126,9.774193548387096,438.0,0.0,7450.380000000001,Frozen
S03,P127,21.35483870967742,494.57142857142856,0.0,23427.84857142857,Fruits & Vegetables
S03,P128,4.423076923076923,369.2105263157895,0.0,17075.986842105263,Beverages
S03,P129,13.612903225806452,371.9047619047619,0.0,106498.64761904762,Snacks
S03,P130,26.0,391.8,0.0,19691.868,Staples
S03,P131,12.838709677419354,468.0,0.0,41974.92,Personal Care
S03,P132,8.1,372.59090909090907,0.0,22359.180454545454,Household
S03,P133,38.71875,518.6666666666666,0.0,69636.18666666666,Dairy
S03,P134,13.774193548387096,393.9130434782609,0.0,111902.81739130434,Bakery
S03,P135,7.933333333333334,332.1904761904762,0.047619047619047616,47968.304761904765,Frozen
S03,P136,2.1818181818181817,532.75,0.0,23638.1175,Staples
S03,P137,11.774193548387096,446.8636363636364,0.0,19107.88909090909,Beverages
S03,P138,6.2,342.9130434782609,0.0,113919.14217391305,Snacks
S03,P139,2.6666666666666665,305.5,0.0,45559.215000000004,Staples
S03,P140,4.25,508.14285714285717,0.0,259386.60285714286,Personal Care
S03,P141,4.583333333333333,373.8666666666667,0.0,196044.464,Household
S03,P142,3.466666666666667,334.72727272727275,0.0,5988.270909090908,Dairy
S03,P143,7.580645161290323,444.4736842105263,0.0,8431.665789473684,Bakery
S03,P144,6.103448275862069,370.3478260869565,0.043478260869565216,26161.37043478261,Frozen
S03,P145,3.730769230769231,341.65,0.0,140319.0715,Fruits & Vegetables
S03,P146,9.466666666666667,360.6190476190476,0.047619047619047616,108733.85523809523,Beverages
S03,P147,5.222222222222222,456.64285714285717,0.0,40453.99071428571,Snacks
S03,P148,2.6666666666666665,403.75,0.0,17001.9125,Staples
S03,P149,3.9310344827586206,498.0,0.0,157726.56,Personal Care
S03,P150,3.5,309.47058823529414,0.0,7037.361176470587,Household
S03,P151,3.2916666666666665,445.0,0.0,38256.65,Dairy
S03,P152,9.67741935483871,455.1666666666667,0.0,14710.986666666666,Bakery
S03,P153,7.142857142857143,406.92,0.0,92830.65959999998,Frozen
S03,P154,3.4,443.0,0.0,70569.9,Fruits & Vegetables
S03,P155,4.892857142857143,375.8235294117647,0.058823529411764705,15352.39117647059,Beverages
S03,P156,12.483870967741936,327.2631578947368,0.0,40243.55052631579,Snacks
S03,P157,7.178571428571429,391.7391304347826,0.0,30657.504347826092,Staples
S03,P158,20.451612903225808,427.8695652173913,0.0,46013.093043478264,Personal Care
S03,P159,27.0,539.7826086956521,0.0,36467.71304347826,Household
S03,P160,1.8333333333333333,425.0,0.0,4679.25,Dairy
S03,P161,16.903225806451612,410.3478260869565,0.0,61658.864347826086,Household
S03,P162,1.75,117.66666666666667,0.0,6043.360000000001,Frozen
S03,P163,16.741935483870968,512.64,0.0,27149.414399999998,Fruits & Vegetables
S03,P164,4.518518518518518,511.4375,0.0,81216.27500000001,Beverages
S03,P165,2.3333333333333335,458.9,0.1,27731.327,Snacks
S03,P166,5.833333333333333,489.92,0.0,18391.5968,Staples
S03,P167,2.142857142857143,480.7,0.0,43873.488999999994,Personal Care
S03,P168,3.642857142857143,499.2307692307692,0.0,11746.900000000001,Household
S03,P169,8.566666666666666,493.4117647058824,0.0,49735.90588235294,Dairy
S03,P170,3.090909090909091,401.75,0.0,10256.6775,Bakery
S03,P171,5.285714285714286,414.55555555555554,0.0,118649.94555555556,Frozen
S03,P172,3.7777777777777777,390.5,0.0,150334.69,Fruits & Vegetables
S03,P173,2.0833333333333335,436.0,0.0,18564.879999999997,Beverages
S03,P174,2.1176470588235294,459.0,0.0,16060.410000000002,Snacks
S03,P175,2.9444444444444446,384.25,0.0,28676.5775,Staples
S03,P176,23.34375,325.32,0.0,11376.4404,Personal Care
S03,P177,4.703703703703703,450.27272727272725,0.0,50376.512727272726,Household
S03,P178,4.0,413.1764705882353,0.0,59984.96000000001,Dairy
S03,P179,2.4545454545454546,364.75,0.0,63973.50249999999,Bakery
S03,P180,12.8,462.2083333333333,0.0,8056.291249999999,Frozen
S03,P181,6.433333333333334,426.23809523809524,0.0,94181.56952380952,Dairy
S03,P182,3.0952380952380953,450.6111111111111,0.0,41046.16611111111,Beverages
S03,P183,48.03225806451613,455.7692307692308,0.0,13012.211538461539,Snacks
S03,P184,3.0,529.1818181818181,0.0,12271.726363636362,Staples
S03,P185,6.0,418.8095238095238,0.0,94307.52857142857,Personal Care
S03,P186,9.96774193548387,447.6190476190476,0.0,44197.90476190476,Household
S03,P187,6.133333333333334,442.68,0.0,11314.900800000001,Dairy
S03,P188,14.612903225806452,465.45454545454544,0.0,38870.10909090909,Bakery
S03,P189,2.5384615384615383,619.7058823529412,0.0,215397.3705882353,Frozen
S03,P190,3.0454545454545454,327.29411764705884,0.058823529411764705,212338.60470588235,Fruits & Vegetables
S03,P191,5.451612903225806,422.10714285714283,0.0,37487.33535714286,Beverages
S03,P192,4.193548387096774,395.375,0.0,167492.71125,Snacks
S03,P193,8.580645161290322,453.32142857142856,0.0,108765.41035714287,Staples
S03,P194,5.161290322580645,361.0,0.0,14176.470000000001,Personal Care
S03,P195,8.516129032258064,405.2173913043478,0.043478260869565216,13992.156521739133,Household
S03,P196,3.8620689655172415,343.6842105263158,0.0,45015.75789473684,Dairy
S03,P197,4.458333333333333,490.5,0.0,18540.899999999998,Bakery
S03,P198,6.185185185185185,349.0,0.0,34564.96,Frozen
S03,P199,18.580645161290324,392.875,0.0,87123.95999999999,Fruits & Vegetables
S03,P200,11.903225806451612,447.96153846153845,0.0,142904.21038461538,Beverages
S03,P201,20.903225806451612,516.2608695652174,0.0,89824.22869565219,Snacks
S03,P202,1.0,525.0,0.0,116508.0,Staples
S03,P203,1.625,440.0,0.0,63848.4,Personal Care
S03,P204,1.8181818181818181,405.0,0.0,45639.45,Household
S03,P205,2.4375,386.6666666666667,0.08333333333333333,87900.93333333335,Dairy
S03,P206,2.875,384.9230769230769,0.0,4900.070769230769,Bakery
S03,P207,2.75,465.85714285714283,0.0,10286.125714285712,Frozen
S03,P208,3.1875,383.5833333333333,0.0,63997.043333333335,Fruits & Vegetables
S03,P209,2.1052631578947367,417.2307692307692,0.0,11319.47076923077,Beverages
S03,P210,3.142857142857143,296.8333333333333,0.0,4731.5233333333335,Snacks
S03,P211,8.32258064516129,496.4074074074074,0.0,32003.385555555553,Staples
S03,P212,11.35483870967742,529.0,0.0,77773.58,Personal Care
S03,P213,9.64516129032258,431.4347826086956,0.0,17701.769130434783,Household
S03,P214,4.0588235294117645,421.6,0.0,5307.944,Dairy
S03,P215,6.870967741935484,520.8333333333334,0.0,31828.125,Bakery
S03,P216,3.5555555555555554,491.89473684210526,0.0,28441.353684210524,Frozen
S03,P217,3.0,341.6666666666667,0.0,174263.66666666666,Fruits & Vegetables
S03,P218,5.482758620689655,532.4285714285714,0.0,318594.6085714286,Beverages
S03,P219,2.8,319.44444444444446,0.0,6433.611111111111,Snacks
S03,P220,2.4210526315789473,372.0,0.0,22297.68,Staples
S04,P101,12.516129032258064,450.6923076923077,0.0,96065.06538461539,Beverages
S04,P102,2.0,510.2857142857143,0.0,69470.29714285713,Beverages
S04,P103,24.806451612903224,441.04347826086956,0.0,18131.297391304346,Beverages
S04,P104,5.0,503.05,0.0,87973.38399999999,Personal Care
S04,P105,2.7916666666666665,299.88235294117646,0.0,8483.671764705881,Household
S04,P106,2.3333333333333335,486.1111111111111,0.0,61740.97222222222,Dairy
S04,P107,2.142857142857143,383.5,0.0,126938.5,Bakery
S04,P108,2.6666666666666665,440.5833333333333,0.0,189010.25,Frozen
S04,P109,6.344827586206897,472.9130434782609,0.0,293191.89956521743,Fruits & Vegetables
S04,P110,115.25806451612904,489.6521739130435,0.0,24590.332173913044,Beverages
S04,P111,7.419354838709677,328.25,0.0,8232.51,Snacks
S04,P112,2.6363636363636362,313.125,0.0,139324.96875,Staples
S04,P113,4.2,466.42857142857144,0.0,23461.35714285714,Personal Care
S04,P114,4.071428571428571,494.75,0.0,76488.35,Household
S04,P115,3.1,500.22222222222223,0.0,24160.73333333333,Dairy
S04,P116,4.0,486.25,0.0,20592.6875,Bakery
S04,P117,3.4615384615384617,517.0,0.0,209152.35,Frozen
S04,P118,3.0476190476190474,502.5,0.0,97967.4,Fruits & Vegetables
S04,P119,3.260869565217391,564.0,0.0,38583.24,Beverages
S04,P120,3.5,569.0,0.0,43050.53999999999,Snacks
S04,P121,3.0625,330.38461538461536,0.0,45976.32307692307,Snacks
S04,P122,3.4642857142857144,345.3125,0.0,40670.90625,Personal Care
S04,P123,18.129032258064516,340.2352941176471,0.0,26674.44705882353,Household
S04,P124,9.233333333333333,462.8076923076923,0.0,229770.13500000004,Dairy
S04,P125,3.65,322.1111111111111,0.0,128203.44333333333,Bakery
S04,P126,10.03448275862069,437.7894736842105,0.0,7446.798947368422,Frozen
S04,P127,23.419354838709676,435.04347826086956,0.0,20608.00956521739,Fruits & Vegetables
S04,P128,5.090909090909091,327.0625,0.0,15126.640625,Beverages
S04,P129,15.806451612903226,421.7037037037037,0.0,120759.0725925926,Snacks
S04,P130,27.548387096774192,441.9259259259259,0.0,22211.197037037036,Staples
S04,P131,15.838709677419354,447.6818181818182,0.0,40152.58227272727,Personal Care
S04,P132,7.258064516129032,400.30434782608694,0.0,24022.263913043476,Household
S04,P133,38.32258064516129,383.0,0.0,51421.579999999994,Dairy
S04,P134,13.64516129032258,464.36842105263156,0.0,131917.78105263156,Bakery
S04,P135,6.966666666666667,512.074074074074,0.0,73943.4962962963,Frozen
S04,P136,3.4285714285714284,404.25,0.0,17936.572500000002,Staples
S04,P137,11.64516129032258,416.65384615384613,0.0,17816.11846153846,Beverages
S04,P138,7.548387096774194,482.1666666666667,0.0,160180.58833333332,Snacks
S04,P139,3.4583333333333335,595.9473684210526,0.0,88873.63105263158,Staples
S04,P140,4.24,283.15,0.0,144536.749,Personal Care
S04,P141,4.291666666666667,407.5882352941176,0.0,213727.04294117648,Household
S04,P142,2.7,611.625,0.0,10941.97125,Dairy
S04,P143,8.3,449.6666666666667,0.0,8530.176666666666,Bakery
S04,P144,5.516129032258065,430.0,0.0,30375.2,Frozen
S04,P145,3.962962962962963,427.1904761904762,0.0,175451.40047619047,Fruits & Vegetables
S04,P146,10.35483870967742,411.1363636363636,0.0,123965.83636363636,Beverages
S04,P147,5.222222222222222,455.3529411764706,0.0,40339.71705882353,Snacks
S04,P148,2.8421052631578947,470.1,0.0,19795.911,Staples
S04,P149,4.517241379310345,354.04545454545456,0.0,112133.27636363637,Personal Care
S04,P150,3.0476190476190474,479.35714285714283,0.0,10900.581428571428,Household
S04,P151,3.3636363636363638,435.1111111111111,0.0,37406.502222222225,Dairy
S04,P152,8.612903225806452,411.96,0.0,13314.547199999999,Bakery
S04,P153,8.821428571428571,551.7272727272727,0.0,125865.54272727272,Frozen
S04,P154,3.0,502.1666666666667,0.0,79995.15000000001,Fruits & Vegetables
S04,P155,4.689655172413793,413.3157894736842,0.0,16883.95,Beverages
S04,P156,12.03225806451613,521.4090909090909,0.0,64117.67590909091,Snacks
S04,P157,7.129032258064516,429.2857142857143,0.0,33595.9,Staples
S04,P158,22.032258064516128,416.1666666666667,0.0,44754.56333333333,Personal Care
S04,P159,26.483870967741936,496.5,0.0,33543.54,Household
S04,P160,2.5454545454545454,595.0,0.0,6550.95,Dairy
S04,P161,16.129032258064516,402.5,0.0,60479.649999999994,Household
S04,P163,19.806451612903224,357.16,0.0,18915.1936,Fruits & Vegetables
S04,P164,5.5,439.875,0.0,69852.15000000001,Beverages
S04,P165,1.9,381.44444444444446,0.0,23050.687777777777,Snacks
S04,P166,5.518518518518518,521.3157894736842,0.0,19570.194736842106,Staples
S04,P167,1.894736842105263,381.375,0.0,34808.096249999995,Personal Care
S04,P168,3.0952380952380953,523.25,0.0,12312.0725,Household
S04,P169,6.0,416.25925925925924,0.0,41958.933333333334,Dairy
S04,P170,2.75,601.1428571428571,0.0,15347.177142857143,Bakery
S04,P171,5.0,396.57894736842104,0.0,113504.86052631577,Frozen
S04,P172,4.678571428571429,459.2608695652174,0.0,176806.2495652174,Fruits & Vegetables
S04,P173,2.875,426.1,0.0,18143.338,Beverages
S04,P174,3.0,458.3333333333333,0.0,16037.083333333334,Snacks
S04,P175,2.823529411764706,477.2857142857143,0.0,35619.83285714286,Staples
S04,P176,26.29032258064516,442.625,0.0,15478.59625,Personal Care
S04,P177,5.214285714285714,426.8636363636364,0.0,47757.50363636364,Household
S04,P178,2.48,401.3,0.0,58260.734,Dairy
S04,P179,2.5,432.8,0.0,75908.79199999999,Bakery
S04,P180,12.290322580645162,411.0869565217391,0.0,7165.245652173913,Frozen
S04,P181,5.1,405.3636363636364,0.0,89569.1490909091,Dairy
S04,P182,3.909090909090909,455.1764705882353,0.0,41462.02470588236,Beverages
S04,P183,49.58064516129032,420.12,0.0,11994.426000000001,Snacks
S04,P184,1.75,551.2727272727273,0.0,12784.014545454545,Staples
S04,P185,3.9583333333333335,477.4375,0.0,107509.37625,Personal Care
S04,P186,9.0,415.39130434782606,0.0,41015.73739130435,Household
S04,P187,5.966666666666667,469.7692307692308,0.0,12007.301538461537,Dairy
S04,P188,12.290322580645162,386.6818181818182,0.0,32291.79863636364,Bakery
S04,P189,4.380952380952381,343.5625,0.0,119415.45374999999,Frozen
S04,P190,3.8333333333333335,438.1764705882353,0.0,284275.7488235294,Fruits & Vegetables
S04,P191,5.25,344.8695652173913,0.0,30627.866086956525,Beverages
S04,P192,5.758620689655173,395.04347826086956,0.0,167352.26869565216,Snacks
S04,P193,7.419354838709677,470.4375,0.0,112872.06937499999,Staples
S04,P194,4.806451612903226,466.17391304347825,0.0,18306.649565217394,Personal Care
S04,P195,10.451612903225806,344.5217391304348,0.0,11896.335652173915,Household
S04,P196,3.9285714285714284,376.68,0.04,49337.5464,Dairy
S04,P197,3.8,415.3181818181818,0.0,15699.027272727271,Bakery
S04,P198,4.538461538461538,493.9047619047619,0.0,48916.327619047624,Frozen
S04,P199,21.838709677419356,431.5416666666667,0.0,95698.68,Fruits & Vegetables
S04,P200,10.516129032258064,459.45454545454544,0.0,146570.5945454545,Beverages
S04,P201,21.0,421.59090909090907,0.0,73352.60227272728,Snacks
S04,P202,2.2222222222222223,134.6,0.0,29870.431999999993,Staples
S04,P203,2.8,304.125,0.0,44131.57875,Personal Care
S04,P204,2.2857142857142856,341.4,0.0,38472.365999999995,Household
S04,P205,2.789473684210526,525.5714285714286,0.0,119478.15285714286,Dairy
S04,P206,2.8125,642.0,0.0,8172.66,Bakery
S04,P207,2.3333333333333335,577.6,0.0,12753.408,Frozen
S04,P208,3.1052631578947367,420.3125,0.0,70124.9375,Fruits & Vegetables
S04,P209,2.8666666666666667,372.6923076923077,0.0,10111.142307692307,Beverages
S04,P210,3.0,362.45454545454544,0.0,5777.5254545454545,Snacks
S04,P211,8.5,436.39130434782606,0.0,28134.14739130435,Staples
S04,P212,10.67741935483871,384.625,0.0,56547.567500000005,Personal Care
S04,P213,10.96551724137931,401.0,0.0,16453.030000000002,Household
S04,P214,3.210526315789474,231.92307692307693,0.0,2919.9115384615384,Dairy
S04,P215,5.666666666666667,440.2608695652174,0.0,26904.341739130436,Bakery
S04,P216,4.222222222222222,503.05555555555554,0.0,29086.672222222223,Frozen
S04,P217,4.380952380952381,533.2307692307693,0.0,271969.02153846156,Fruits & Vegetables
S04,P218,5.0344827586206895,470.5263157894737,0.0,281553.53684210527,Beverages
S04,P219,3.5384615384615383,352.8181818181818,0.0,7105.758181818182,Snacks
S04,P220,2.4444444444444446,309.5,0.0,18551.43,Staples
S05,P101,12.483870967741936,353.4347826086956,0.0,75334.62391304348,Beverages
S05,P102,3.1666666666666665,579.3,0.0,78865.90199999999,Beverages
S05,P103,24.032258064516128,374.0869565217391,0.0,15378.714782608697,Beverages
S05,P104,4.633333333333334,408.4166666666667,0.0,71423.90666666666,Personal Care
S05,P105,2.8076923076923075,394.4,0.0,11157.576,Household
S05,P106,3.1818181818181817,423.3636363636364,0.0,53771.41545454546,Dairy
S05,P107,2.625,632.6666666666666,0.0,209412.66666666666,Bakery
S05,P108,3.0555555555555554,614.5384615384615,0.0,263637.0,Frozen
S05,P109,5.833333333333333,384.5,0.0,238378.465,Fruits & Vegetables
S05,P110,113.6774193548387,382.55555555555554,0.0,19211.94,Beverages
S05,P111,6.903225806451613,465.84,0.0,11683.2672,Snacks
S05,P112,2.6,392.14285714285717,0.0,174483.9642857143,Staples
S05,P113,3.090909090909091,382.55555555555554,0.0,19242.544444444444,Personal Care
S05,P114,3.9642857142857144,367.2857142857143,0.0,56782.37142857143,Household
S05,P115,3.0,482.0,0.0,23280.6,Dairy
S05,P116,4.7407407407407405,433.5,0.0,18358.725000000002,Bakery
S05,P117,3.8333333333333335,308.0,0.0,124601.40000000001,Frozen
S05,P118,2.8333333333333335,112.0,0.0,21835.52,Fruits & Vegetables
S05,P119,3.4761904761904763,354.3333333333333,0.0,24239.943333333333,Beverages
S05,P120,3.238095238095238,382.6666666666667,0.0,28952.559999999998,Snacks
S05,P121,3.375,442.1333333333333,0.0,61527.274666666664,Snacks
S05,P122,4.482758620689655,435.3636363636364,0.0,51277.1290909091,Personal Care
S05,P123,15.96774193548387,329.4736842105263,0.0,25830.736842105267,Household
S05,P124,10.935483870967742,513.6666666666666,0.0,255020.09,Dairy
S05,P125,2.72,471.23809523809524,0.0,187557.47428571427,Bakery
S05,P126,10.0,519.84,0.0,8842.4784,Frozen
S05,P127,23.806451612903224,411.1363636363636,0.0,19475.529545454545,Fruits & Vegetables
S05,P128,4.826086956521739,403.9375,0.0,18682.109375,Beverages
S05,P129,17.580645161290324,400.5,0.0,114687.18,Snacks
S05,P130,30.741935483870968,457.2083333333333,0.0,22979.290833333333,Staples
S05,P131,15.935483870967742,413.6521739130435,0.0,37100.46347826086,Personal Care
S05,P132,8.241379310344827,356.3809523809524,0.0,21386.42095238095,Household
S05,P133,38.806451612903224,377.55,0.0,50689.863,Dairy
S05,P134,14.870967741935484,468.3181818181818,0.0,133039.82909090907,Bakery
S05,P135,7.4,336.1904761904762,0.0,48545.90476190476,Frozen
S05,P136,1.8888888888888888,489.42857142857144,0.0,21715.945714285714,Staples
S05,P137,12.806451612903226,450.0,0.045454545454545456,19242.0,Beverages
S05,P138,6.892857142857143,532.7727272727273,0.0,176992.4277272727,Snacks
S05,P139,3.388888888888889,393.42857142857144,0.0,58672.00285714285,Staples
S05,P140,3.9285714285714284,420.53846153846155,0.038461538461538464,214668.06307692308,Personal Care
S05,P141,3.5714285714285716,359.9375,0.0,188740.426875,Household
S05,P142,3.0,500.25,0.0,8949.4725,Dairy
S05,P143,8.1,439.84,0.0,8343.764799999999,Bakery
S05,P144,6.428571428571429,385.3181818181818,0.0,27218.876363636366,Frozen
S05,P145,5.076923076923077,301.5,0.0,123829.06499999999,Fruits & Vegetables
S05,P146,8.483870967741936,424.08,0.0,127868.6016,Beverages
S05,P147,5.129032258064516,470.7894736842105,0.0,41707.23947368421,Snacks
S05,P148,2.3333333333333335,508.07142857142856,0.0,21394.887857142858,Staples
S05,P149,4.620689655172414,476.1363636363636,0.0,150801.90909090912,Personal Care
S05,P150,2.814814814814815,404.2916666666667,0.0,9193.5925,Household
S05,P151,2.347826086956522,355.2352941176471,0.0,30539.578235294117,Dairy
S05,P152,10.833333333333334,312.5416666666667,0.0,10101.346666666666,Bakery
S05,P153,8.096774193548388,357.54545454545456,0.0,81566.84454545454,Frozen
S05,P154,3.6666666666666665,416.8235294117647,0.058823529411764705,66399.98823529412,Fruits & Vegetables
S05,P155,4.3,430.27272727272725,0.0,17576.64090909091,Beverages
S05,P156,16.161290322580644,407.1111111111111,0.0,50062.45333333333,Snacks
S05,P157,7.0344827586206895,451.75,0.0,35353.955,Staples
S05,P158,25.129032258064516,501.96153846153845,0.0,53980.943846153845,Personal Care
S05,P159,27.64516129032258,355.6923076923077,0.0,24030.57230769231,Household
S05,P160,3.0,375.25,0.0,4131.5025000000005,Dairy
S05,P161,16.612903225806452,340.35,0.0,51140.990999999995,Household
S05,P162,1.6666666666666667,759.0,0.0,38982.24,Frozen
S05,P163,17.774193548387096,486.34615384615387,0.0,25756.89230769231,Fruits & Vegetables
S05,P164,4.3076923076923075,462.3,0.0,73413.24,Beverages
S05,P165,3.5,357.5,0.0,21603.725,Snacks
S05,P166,5.821428571428571,548.578947368421,0.0,20593.653684210527,Staples
S05,P167,3.0,486.0,0.0,44357.219999999994,Personal Care
S05,P168,2.736842105263158,253.33333333333334,0.0,5960.933333333333,Household
S05,P169,6.838709677419355,473.2,0.0,47698.56,Dairy
S05,P170,1.9285714285714286,448.90909090909093,0.0,11460.649090909092,Bakery
S05,P171,5.535714285714286,448.94444444444446,0.0,128492.38944444443,Frozen
S05,P172,4.766666666666667,485.38461538461536,0.0,186863.36923076925,Fruits & Vegetables
S05,P173,3.3125,370.7692307692308,0.0,15787.353846153846,Beverages
S05,P174,2.090909090909091,272.1111111111111,0.0,9521.167777777777,Snacks
S05,P175,3.5833333333333335,419.14285714285717,0.0,31280.63142857143,Staples
S05,P176,26.258064516129032,271.6,0.0,9497.851999999999,Personal Care
S05,P177,4.8076923076923075,398.0,0.0,44528.24,Household
S05,P178,4.461538461538462,397.6190476190476,0.0,57726.333333333336,Dairy
S05,P179,2.7142857142857144,376.3333333333333,0.0,66005.10333333333,Bakery
S05,P180,13.225806451612904,433.11764705882354,0.0,7549.240588235294,Frozen
S05,P181,4.933333333333334,341.76,0.0,75515.2896,Dairy
S05,P182,3.0,503.6875,0.0,45880.894375,Beverages
S05,P183,51.67741935483871,378.68,0.04,10811.314000000002,Snacks
S05,P184,3.0,503.6923076923077,0.0,11680.624615384617,Staples
S05,P185,5.137931034482759,335.625,0.0,75576.0375,Personal Care
S05,P186,8.838709677419354,353.7916666666667,0.0,34933.38916666667,Household
S05,P187,6.9,390.76,0.0,9987.8256,Dairy
S05,P188,11.580645161290322,441.52,0.0,36871.3352,Bakery
S05,P189,3.25,352.3529411764706,0.0,122470.83529411764,Frozen
S05,P190,4.0,494.6666666666667,0.0,320924.89333333337,Fruits & Vegetables
S05,P191,6.172413793103448,395.96,0.0,35165.2076,Beverages
S05,P192,4.833333333333333,483.1818181818182,0.0,204690.31363636366,Snacks
S05,P193,7.645161290322581,407.76,0.0,97833.8568,Staples
S05,P194,5.535714285714286,359.14285714285717,0.0,14103.54,Personal Care
S05,P195,9.35483870967742,367.7916666666667,0.0,12699.84625,Household
S05,P196,5.966666666666667,462.5263157894737,0.0,60581.696842105266,Dairy
S05,P197,4.1923076923076925,433.75,0.0,16395.75,Bakery
S05,P198,5.258064516129032,312.8076923076923,0.0,30980.473846153847,Frozen
S05,P199,22.161290322580644,394.1818181818182,0.0,87413.76,Fruits & Vegetables
S05,P200,13.290322580645162,392.9130434782609,0.0,125343.18999999999,Beverages
S05,P201,20.806451612903224,460.7307692307692,0.0,80162.54653846155,Snacks
S05,P202,1.5555555555555556,355.7142857142857,0.0,78940.11428571427,Staples
S05,P203,1.7272727272727273,346.3,0.0,50251.59300000001,Personal Care
S05,P204,2.6875,295.7,0.0,33322.433000000005,Household
S05,P205,3.1666666666666665,474.06666666666666,0.0,107769.57533333334,Dairy
S05,P206,1.8571428571428572,394.3333333333333,0.0,5019.863333333334,Bakery
S05,P207,1.25,531.3333333333334,0.0,11731.839999999998,Frozen
S05,P208,3.210526315789474,481.42857142857144,0.0,80321.54285714286,Fruits & Vegetables
S05,P209,2.5454545454545454,467.0,0.0,12669.71,Beverages
S05,P210,2.272727272727273,509.6,0.0,8123.023999999999,Snacks
S05,P211,9.516129032258064,428.3333333333333,0.0,27614.65,Staples
S05,P212,11.935483870967742,489.36,0.0,71945.7072,Personal Care
S05,P213,8.806451612903226,396.84615384615387,0.0,16282.597692307694,Household
S05,P214,3.3333333333333335,347.73333333333335,0.0,4377.962666666667,Dairy
S05,P215,7.645161290322581,451.76190476190476,0.0,27607.17,Bakery
S05,P216,3.36,394.7647058823529,0.0,22825.295294117648,Frozen
S05,P217,4.0476190476190474,534.8,0.0,272769.392,Fruits & Vegetables
S05,P218,5.535714285714286,500.7,0.0,299608.86600000004,Beverages
S05,P219,2.5625,487.72727272727275,0.0,9822.827272727272,Snacks
S05,P220,2.5,424.25,0.0,25429.545,Staples
S06,P101,11.0,418.5652173913044,0.0,89217.17608695652,Beverages
S06,P102,1.8,391.4,0.0,53285.195999999996,Beverages
S06,P103,24.967741935483872,458.6363636363636,0.0,18854.54090909091,Beverages
S06,P104,4.142857142857143,407.2173913043478,0.0,71214.17739130434,Personal Care
S06,P105,2.4782608695652173,426.55555555555554,0.0,12067.256666666666,Household
S06,P106,2.8461538461538463,478.6,0.0,60786.986,Dairy
S06,P107,1.0,133.25,0.0,44105.75,Bakery
S06,P108,2.2222222222222223,297.5,0.0,127627.5,Frozen
S06,P109,5.518518518518518,450.04761904761904,0.0,279016.02238095243,Fruits & Vegetables
S06,P110,116.12903225806451,294.90909090909093,0.045454545454545456,14810.334545454545,Beverages
S06,P111,7.344827586206897,423.2173913043478,0.0,10614.292173913042,Snacks
S06,P112,2.611111111111111,440.2307692307692,0.0,195880.68076923073,Staples
S06,P113,3.8333333333333335,321.6666666666667,0.0,16179.833333333334,Personal Care
S06,P114,4.607142857142857,536.695652173913,0.0,82973.14782608695,Household
S06,P115,1.4166666666666667,241.8181818181818,0.0,11679.81818181818,Dairy
S06,P116,4.892857142857143,263.0,0.0,11138.050000000001,Bakery
S06,P117,4.2592592592592595,730.5,0.0,295523.775,Frozen
S06,P118,3.730769230769231,46.0,0.0,8968.16,Fruits & Vegetables
S06,P119,4.0,265.0,0.0,18128.649999999998,Beverages
S06,P120,3.423076923076923,564.6666666666666,0.0,42722.68,Snacks
S06,P121,2.6875,468.0,0.0,65126.88,Snacks
S06,P122,4.173913043478261,439.6666666666667,0.0,51783.94,Personal Care
S06,P123,16.93548387096774,459.7916666666667,0.0,36047.66666666667,Household
S06,P124,10.225806451612904,392.88,0.0,195053.1336,Dairy
S06,P125,2.6666666666666665,567.2307692307693,0.0,225763.51846153845,Bakery
S06,P126,8.516129032258064,411.1818181818182,0.0,6994.202727272728,Frozen
S06,P127,25.838709677419356,332.95238095238096,0.0,15771.954285714284,Fruits & Vegetables
S06,P128,4.04,364.05,0.0,16837.3125,Beverages
S06,P129,15.548387096774194,532.1818181818181,0.0,152395.58545454545,Snacks
S06,P130,27.0,409.2173913043478,0.0,20567.266086956522,Staples
S06,P131,15.580645161290322,418.6666666666667,0.0,37550.21333333333,Personal Care
S06,P132,5.935483870967742,367.75,0.0,22068.677499999998,Household
S06,P133,40.45161290322581,413.4583333333333,0.0,55510.91583333333,Dairy
S06,P134,15.193548387096774,430.5238095238095,0.0,122303.2038095238,Bakery
S06,P135,7.225806451612903,378.5652173913044,0.0,54664.81739130435,Frozen
S06,P136,2.6666666666666665,360.25,0.0,15984.2925,Staples
S06,P137,13.387096774193548,481.90909090909093,0.0,20606.432727272724,Beverages
S06,P138,8.064516129032258,431.54545454545456,0.0,143363.71545454545,Snacks
S06,P139,3.6,515.3846153846154,0.0,76859.30769230769,Staples
S06,P140,3.04,407.85,0.0,208191.11099999998,Personal Care
S06,P141,4.48,448.6875,0.0,235278.264375,Household
S06,P142,2.75,461.54545454545456,0.0,8257.048181818182,Dairy
S06,P143,7.533333333333333,591.9130434782609,0.0,11228.590434782609,Bakery
S06,P144,5.0,520.6521739130435,0.043478260869565216,36778.86956521739,Frozen
S06,P145,3.3076923076923075,370.23809523809524,0.0,152060.4880952381,Fruits & Vegetables
S06,P146,9.741935483870968,403.16,0.0,121560.80319999998,Beverages
S06,P147,6.037037037037037,560.75,0.0,49676.842500000006,Snacks
S06,P148,3.3125,429.2857142857143,0.0,18077.221428571425,Staples
S06,P149,4.241379310344827,463.2,0.0,146704.70400000003,Personal Care
S06,P150,3.6315789473684212,403.26666666666665,0.0,9170.283999999998,Household
S06,P151,2.7142857142857144,374.375,0.0,32185.01875,Dairy
S06,P152,11.129032258064516,390.5833333333333,0.0,12623.653333333334,Bakery
S06,P153,8.451612903225806,385.09090909090907,0.0,87850.78909090908,Frozen
S06,P154,3.88,400.8095238095238,0.0,63848.95714285715,Fruits & Vegetables
S06,P155,5.379310344827586,330.69565217391306,0.0,13508.917391304347,Beverages
S06,P156,11.774193548387096,479.6666666666667,0.0,58984.60999999999,Snacks
S06,P157,5.4,490.89473684210526,0.0,38417.42210526316,Staples
S06,P158,22.806451612903224,511.60869565217394,0.0,55018.39913043479,Personal Care
S06,P159,24.516129032258064,333.7391304347826,0.0,22547.415652173913,Household
S06,P160,1.8888888888888888,386.375,0.0,4253.9887499999995,Dairy
S06,P161,15.35483870967742,511.11538461538464,0.0,76800.19769230769,Household
S06,P162,5.0,193.0,0.0,9912.48,Frozen
S06,P163,17.612903225806452,441.2916666666667,0.0,23370.806666666667,Fruits & Vegetables
S06,P164,4.961538461538462,395.94736842105266,0.0,62876.442105263166,Beverages
S06,P165,2.1,531.7142857142857,0.0,32131.494285714285,Snacks
S06,P166,7.333333333333333,378.6666666666667,0.0,14215.146666666667,Staples
S06,P167,2.0,424.22222222222223,0.0,38718.76222222222,Personal Care
S06,P168,2.6875,409.27272727272725,0.0,9630.187272727273,Household
S06,P169,7.666666666666667,456.4,0.0,46005.12,Dairy
S06,P170,2.6666666666666665,260.75,0.0,6656.9475,Bakery
S06,P171,5.444444444444445,424.77777777777777,0.0,121575.64777777776,Frozen
S06,P172,5.230769230769231,525.4444444444445,0.0,202285.60222222222,Fruits & Vegetables
S06,P173,2.5,402.15384615384613,0.0,17123.71076923077,Beverages
S06,P174,1.7692307692307692,369.77777777777777,0.0,12938.524444444445,Snacks
S06,P175,2.263157894736842,425.7857142857143,0.0,31776.387857142858,Staples
S06,P176,26.29032258064516,372.4,0.0,13022.828,Personal Care
S06,P177,5.678571428571429,615.0952380952381,0.0,68816.85523809523,Household
S06,P178,4.956521739130435,423.11764705882354,0.0,61428.22,Dairy
S06,P179,3.1875,531.0,0.0,93132.08999999998,Bakery
S06,P180,11.451612903225806,455.375,0.0,7937.18625,Frozen
S06,P181,6.5,428.39130434782606,0.0,94657.34260869565,Dairy
S06,P182,4.1875,473.4166666666667,0.0,43123.52416666667,Beverages
S06,P183,51.58064516129032,460.4230769230769,0.0,13145.078846153845,Snacks
S06,P184,3.6,432.3,0.0,10025.037,Staples
S06,P185,4.67741935483871,392.55555555555554,0.0,88395.65999999999,Personal Care
S06,P186,8.67741935483871,408.25,0.0,40310.604999999996,Household
S06,P187,6.75,415.7142857142857,0.0,10625.657142857142,Dairy
S06,P188,11.64516129032258,405.17391304347825,0.0,33836.07347826087,Bakery
S06,P189,4.48,537.8333333333334,0.0,186940.11,Frozen
S06,P190,4.428571428571429,350.27777777777777,0.0,227249.7138888889,Fruits & Vegetables
S06,P191,6.666666666666667,400.15,0.0,35537.321500000005,Beverages
S06,P192,6.0,478.2307692307692,0.0,202592.90076923076,Snacks
S06,P193,8.8,425.0,0.0,101970.25,Staples
S06,P194,5.230769230769231,359.09090909090907,0.0,14101.5,Personal Care
S06,P195,10.225806451612904,421.1666666666667,0.0,14542.885,Household
S06,P196,4.833333333333333,451.6818181818182,0.0,59161.28454545454,Dairy
S06,P197,4.3478260869565215,469.8235294117647,0.0,17759.329411764706,Bakery
S06,P198,5.1,370.8095238095238,0.0,36724.975238095234,Frozen
S06,P199,20.193548387096776,396.52,0.0,87932.27519999999,Fruits & Vegetables
S06,P200,9.096774193548388,423.04347826086956,0.0,134955.1,Beverages
S06,P201,20.64516129032258,312.56,0.0,54382.3144,Snacks
S06,P202,1.6,314.5,0.0,69793.84,Staples
S06,P203,2.5454545454545454,453.0,0.0,65734.83,Personal Care
S06,P204,3.1875,514.3333333333334,0.0,57960.22333333333,Household
S06,P205,3.4210526315789473,432.0,0.0,98206.56000000001,Dairy
S06,P206,3.6666666666666665,405.85714285714283,0.0,5166.561428571428,Bakery
S06,P207,1.5,556.5714285714286,0.0,12289.097142857141,Frozen
S06,P208,2.8461538461538463,498.25,0.0,83128.03,Fruits & Vegetables
S06,P209,2.8181818181818183,364.25,0.0,9882.102499999999,Beverages
S06,P210,3.111111111111111,572.25,0.0,9121.664999999999,Snacks
S06,P211,8.620689655172415,404.6,0.0,26084.561999999998,Staples
S06,P212,10.516129032258064,492.32,0.0,72380.8864,Personal Care
S06,P213,11.5,451.95652173913044,0.0,18543.776086956525,Household
S06,P214,3.0,444.26666666666665,0.0,5593.317333333333,Dairy
S06,P215,6.387096774193548,419.75,0.0,25650.9225,Bakery
S06,P216,2.7916666666666665,467.94117647058823,0.0,27056.358823529416,Frozen
S06,P217,3.7083333333333335,374.6470588235294,0.0,191084.98588235295,Fruits & Vegetables
S06,P218,4.758620689655173,403.05,0.0,241177.05899999998,Beverages
S06,P219,2.3333333333333335,540.2307692307693,0.0,10880.247692307692,Snacks
S06,P220,3.0,454.8,0.0,27260.712,Staples
S07,P101,12.03225806451613,478.5416666666667,0.0,102001.15625,Beverages
S07,P102,1.3333333333333333,568.0,0.0,77327.51999999999,Beverages
S07,P103,24.580645161290324,586.8260869565217,0.0,24124.42043478261,Beverages
S07,P104,4.153846153846154,480.5238095238095,0.0,84034.00380952381,Personal Care
S07,P105,2.75,414.5217391304348,0.0,11726.82,Household
S07,P106,2.1818181818181817,532.3333333333334,0.0,67611.65666666666,Dairy
S07,P107,1.6666666666666667,510.25,0.0,168892.75,Bakery
S07,P108,1.9411764705882353,377.53846153846155,0.0,161964.0,Frozen
S07,P109,4.0,547.695652173913,0.0,339554.8734782609,Fruits & Vegetables
S07,P110,116.0,595.2272727272727,0.0,29892.313636363637,Beverages
S07,P111,6.9,488.60869565217394,0.0,12254.306086956522,Snacks
S07,P112,2.0588235294117645,618.0,0.0,274979.1,Staples
S07,P113,3.739130434782609,450.93333333333334,0.0,22681.946666666663,Personal Care
S07,P114,4.266666666666667,481.5,0.0,74439.9,Household
S07,P115,2.9444444444444446,410.1111111111111,0.0,19808.366666666665,Dairy
S07,P116,4.222222222222222,162.0,0.0,6860.7,Bakery
S07,P117,3.1904761904761907,174.33333333333334,0.0,70526.55,Frozen
S07,P118,4.043478260869565,644.6666666666666,0.0,125684.21333333333,Fruits & Vegetables
S07,P119,3.4615384615384617,502.75,0.0,34393.1275,Beverages
S07,P120,4.136363636363637,440.0,0.0,33290.4,Snacks
S07,P121,3.2777777777777777,535.0,0.0,74450.6,Snacks
S07,P122,4.1,490.0869565217391,0.0,57722.44173913043,Personal Care
S07,P123,17.129032258064516,579.695652173913,0.0,45448.139130434785,Household
S07,P124,9.741935483870968,395.2083333333333,0.0,196209.08125000002,Dairy
S07,P125,3.88,276.0,0.0,109850.76,Bakery
S07,P126,10.793103448275861,426.85714285714283,0.0,7260.840000000001,Frozen
S07,P127,23.29032258064516,356.14285714285717,0.0,16870.487142857142,Fruits & Vegetables
S07,P128,4.130434782608695,384.65,0.0,17790.0625,Beverages
S07,P129,14.129032258064516,408.35714285714283,0.0,116937.15142857144,Snacks
S07,P130,26.161290322580644,531.12,0.0,26694.091200000003,Staples
S07,P131,13.709677419354838,491.2083333333333,0.0,44056.47541666666,Personal Care
S07,P132,7.032258064516129,466.6521739130435,0.0,28003.79695652174,Household
S07,P133,39.25806451612903,454.09090909090907,0.0,60966.24545454545,Dairy
S07,P134,14.838709677419354,353.09090909090907,0.0,100306.06545454545,Bakery
S07,P135,6.724137931034483,397.69565217391306,0.0,57427.252173913046,Frozen
S07,P136,2.111111111111111,524.0,0.0,23249.879999999997,Staples
S07,P137,12.733333333333333,426.7083333333333,0.0,18246.048333333332,Beverages
S07,P138,5.9655172413793105,450.32,0.0,149600.80719999998,Snacks
S07,P139,3.2857142857142856,493.2352941176471,0.0,73556.17941176471,Staples
S07,P140,3.7916666666666665,542.5263157894736,0.0,276937.98315789475,Personal Care
S07,P141,3.8,532.375,0.0,279161.47875,Household
S07,P142,1.75,518.25,0.0,9271.4925,Dairy
S07,P143,7.516129032258065,440.3636363636364,0.0,8353.698181818181,Bakery
S07,P144,5.066666666666666,336.92857142857144,0.0,23800.634285714284,Frozen
S07,P145,3.892857142857143,526.7619047619048,0.0,216346.3819047619,Fruits & Vegetables
S07,P146,8.366666666666667,318.54545454545456,0.0,96047.82545454544,Beverages
S07,P147,4.620689655172414,562.3181818181819,0.0,49815.76772727273,Snacks
S07,P148,2.6666666666666665,407.09090909090907,0.0,17142.59818181818,Staples
S07,P149,4.178571428571429,478.95238095238096,0.0,151693.7980952381,Personal Care
S07,P150,3.75,442.1666666666667,0.0,10054.87,Household
S07,P151,3.1,409.07142857142856,0.0,35167.87071428572,Dairy
S07,P152,9.258064516129032,364.0,0.0,11764.48,Bakery
S07,P153,7.903225806451613,580.8947368421053,0.0,132519.5163157895,Frozen
S07,P154,4.0,476.42105263157896,0.0,75893.87368421053,Fruits & Vegetables
S07,P155,5.25,398.36842105263156,0.0,16273.35,Beverages
S07,P156,12.580645161290322,439.0,0.0,53983.83,Snacks
S07,P157,6.0,395.6,0.0,30959.656,Staples
S07,P158,22.258064516129032,438.88461538461536,0.0,47197.65153846155,Personal Care
S07,P159,26.838709677419356,347.2608695652174,0.0,23460.944347826087,Household
S07,P160,2.111111111111111,422.2857142857143,0.0,4649.365714285714,Dairy
S07,P161,14.64516129032258,373.5,0.0,56122.10999999999,Household
S07,P162,1.0,,,,Frozen
S07,P163,17.129032258064516,317.7826086956522,0.0,16829.76695652174,Fruits & Vegetables
S07,P164,5.04,412.52941176470586,0.0,65509.670588235305,Beverages
S07,P165,2.2857142857142856,478.54545454545456,0.0,28918.50181818182,Snacks
S07,P166,5.551724137931035,465.54545454545456,0.0,17476.576363636363,Staples
S07,P167,2.909090909090909,354.5,0.0,32355.214999999997,Personal Care
S07,P168,2.7777777777777777,539.5,0.0,12694.435000000001,Household
S07,P169,7.1,486.30434782608694,0.0,49019.47826086957,Dairy
S07,P170,2.7333333333333334,542.0909090909091,0.0,13839.58090909091,Bakery
S07,P171,5.166666666666667,517.2105263157895,0.0,148030.8247368421,Frozen
S07,P172,4.269230769230769,372.0,0.0,143212.56000000003,Fruits & Vegetables
S07,P173,2.8461538461538463,331.0,0.0,14093.98,Beverages
S07,P174,2.076923076923077,359.75,0.0,12587.652500000002,Snacks
S07,P175,2.357142857142857,343.5833333333333,0.0,25641.624166666665,Staples
S07,P176,23.193548387096776,397.68,0.0,13906.8696,Personal Care
S07,P177,3.9310344827586206,366.95238095238096,0.0,41054.632380952375,Household
S07,P178,4.458333333333333,490.0,0.0,71138.2,Dairy
S07,P179,2.9166666666666665,343.2,0.0,60193.848,Bakery
S07,P180,12.0,451.5,0.0,7869.6449999999995,Frozen
S07,P181,5.233333333333333,495.95238095238096,0.0,109585.63809523812,Dairy
S07,P182,3.0,421.94117647058823,0.0,38434.62176470589,Beverages
S07,P183,47.45161290322581,460.1111111111111,0.0,13136.172222222223,Snacks
S07,P184,3.3684210526315788,431.05555555555554,0.0,9996.178333333335,Staples
S07,P185,5.064516129032258,441.875,0.0,99501.41249999999,Personal Care
S07,P186,8.548387096774194,454.84,0.0,44910.901600000005,Household
S07,P187,5.166666666666667,423.7916666666667,0.0,10832.115,Dairy
S07,P188,12.096774193548388,477.0952380952381,0.0,39842.223333333335,Bakery
S07,P189,3.5294117647058822,378.6666666666667,0.0,131616.96,Frozen
S07,P190,3.413793103448276,398.05,0.0,258242.89849999998,Fruits & Vegetables
S07,P191,4.633333333333334,433.9047619047619,0.0,38535.0819047619,Beverages
S07,P192,4.533333333333333,451.0869565217391,0.0,191093.96739130435,Snacks
S07,P193,10.67741935483871,456.6666666666667,0.0,109568.03333333334,Staples
S07,P194,5.285714285714286,481.39130434782606,0.0,18904.236521739134,Personal Care
S07,P195,11.290322580645162,553.1578947368421,0.0,19100.542105263157,Household
S07,P196,5.633333333333334,460.92,0.0,60371.30159999999,Dairy
S07,P197,4.6,466.29411764705884,0.0,17625.91764705882,Bakery
S07,P198,5.607142857142857,500.4375,0.0,49563.33,Frozen
S07,P199,19.548387096774192,508.5882352941176,0.0,112784.52705882353,Fruits & Vegetables
S07,P200,12.806451612903226,423.64,0.04,135145.3964,Beverages
S07,P201,19.483870967741936,376.2083333333333,0.0,65456.487916666665,Snacks
S07,P202,3.25,518.5,0.0,115065.51999999999,Staples
S07,P203,1.7692307692307692,378.5,0.0,54924.13500000001,Personal Care
S07,P204,2.0,436.09090909090907,0.0,49143.08454545455,Household
S07,P205,2.4210526315789473,554.0,0.0,125940.81999999999,Dairy
S07,P206,3.0833333333333335,682.25,0.0,8685.0425,Bakery
S07,P207,2.75,350.3333333333333,0.0,7735.36,Frozen
S07,P208,2.8,450.55555555555554,0.0,75170.6888888889,Fruits & Vegetables
S07,P209,2.7,451.26666666666665,0.0,12242.864666666666,Beverages
S07,P210,2.5,452.9,0.0,7219.226,Snacks
S07,P211,6.586206896551724,425.4117647058824,0.0,27426.296470588233,Staples
S07,P212,9.9,450.5652173913044,0.0,66242.09826086958,Personal Care
S07,P213,10.129032258064516,441.04347826086956,0.043478260869565216,18096.01391304348,Household
S07,P214,2.8333333333333335,496.57894736842104,0.0,6251.928947368421,Dairy
S07,P215,7.419354838709677,444.85714285714283,0.0,27185.22,Bakery
S07,P216,4.357142857142857,391.23809523809524,0.0,22621.386666666665,Frozen
S07,P217,3.625,544.3333333333334,0.0,277631.7733333334,Fruits & Vegetables
S07,P218,5.5,461.0,0.0,275853.18,Beverages
S07,P219,3.736842105263158,518.0833333333334,0.0,10434.198333333334,Snacks
S07,P220,3.1818181818181817,578.6666666666666,0.0,34685.28,Staples
S08,P101,13.548387096774194,418.1923076923077,0.0,89137.69038461539,Beverages
S08,P102,1.6666666666666667,324.8,0.0,44218.272,Beverages
S08,P103,26.870967741935484,394.7037037037037,0.0,16226.26925925926,Beverages
S08,P104,3.68,413.8333333333333,0.0,72371.17333333332,Personal Care
S08,P105,2.8421052631578947,334.75,0.0,9470.0775,Household
S08,P106,1.8571428571428572,425.0,0.0,53979.25,Dairy
S08,P107,2.6,342.25,0.0,113284.75,Bakery
S08,P108,3.2142857142857144,297.46153846153845,0.0,127611.0,Frozen
S08,P109,5.576923076923077,412.75,0.0,255892.61750000002,Fruits & Vegetables
S08,P110,124.48387096774194,389.3809523809524,0.0,19554.711428571427,Beverages
S08,P111,7.516129032258065,460.1904761904762,0.0,11541.57714285714,Snacks
S08,P112,2.4,563.578947368421,0.0,250764.45263157893,Staples
S08,P113,3.25,458.55555555555554,0.05555555555555555,23065.344444444443,Personal Care
S08,P114,3.9,434.36,0.0,67152.056,Household
S08,P115,2.1538461538461537,457.1,0.0,22077.93,Dairy
S08,P116,5.041666666666667,491.0,0.0,20793.850000000002,Bakery
S08,P117,4.043478260869565,616.0,0.0,249202.8,Frozen
S08,P118,3.6666666666666665,577.5,0.0,112589.4,Fruits & Vegetables
S08,P119,4.318181818181818,495.0,0.0,33862.95,Beverages
S08,P120,3.3684210526315788,170.66666666666666,0.0,12912.64,Snacks
S08,P121,2.611111111111111,242.92857142857142,0.0,33805.939999999995,Snacks
S08,P122,6.25,430.25,0.0,50674.845,Personal Care
S08,P123,14.774193548387096,520.578947368421,0.0,40813.38947368421,Household
S08,P124,9.258064516129032,372.25,0.0,184810.95750000002,Dairy
S08,P125,3.7142857142857144,457.25,0.0,181990.0725,Bakery
S08,P126,8.96774193548387,468.23809523809524,0.0,7964.7300000000005,Frozen
S08,P127,23.774193548387096,427.7826086956522,0.0,20264.062173913044,Fruits & Vegetables
S08,P128,4.814814814814815,284.44444444444446,0.0,13155.555555555555,Beverages
S08,P129,16.677419354838708,483.1666666666667,0.0,138359.60666666666,Snacks
S08,P130,28.0,460.70588235294116,0.0,23155.07764705882,Staples
S08,P131,17.516129032258064,401.39130434782606,0.0,36000.78608695652,Personal Care
S08,P132,6.866666666666666,466.5217391304348,0.0,27995.969565217387,Household
S08,P133,39.483870967741936,446.44444444444446,0.0,59939.631111111106,Dairy
S08,P134,13.806451612903226,362.1666666666667,0.0,102884.30666666666,Bakery
S08,P135,7.655172413793103,491.95454545454544,0.0,71038.23636363636,Frozen
S08,P136,2.75,40.0,0.0,1774.8,Staples
S08,P137,12.741935483870968,453.9583333333333,0.0,19411.25833333333,Beverages
S08,P138,7.580645161290323,339.04545454545456,0.0,112634.29045454544,Snacks
S08,P139,3.8823529411764706,566.1333333333333,0.0,84427.46399999999,Staples
S08,P140,4.0,421.25,0.0,215031.275,Personal Care
S08,P141,4.357142857142857,514.0869565217391,0.0,269571.7773913043,Household
S08,P142,2.55,572.875,0.0,10248.73375,Dairy
S08,P143,7.4,394.36,0.0,7481.0091999999995,Bakery
S08,P144,5.5,509.30434782608694,0.0,35977.25913043479,Frozen
S08,P145,3.68,451.0,0.0,185230.21,Fruits & Vegetables
S08,P146,9.806451612903226,387.25,0.0,116763.62,Beverages
S08,P147,6.0,465.0833333333333,0.0,41201.732500000006,Snacks
S08,P148,2.235294117647059,356.8333333333333,0.08333333333333333,15026.251666666665,Staples
S08,P149,3.2413793103448274,426.29411764705884,0.0,135015.8729411765,Personal Care
S08,P150,3.5,510.70588235294116,0.0,11613.451764705882,Household
S08,P151,3.347826086956522,380.3888888888889,0.0,32702.032777777775,Dairy
S08,P152,11.0,445.44444444444446,0.0,14396.764444444445,Bakery
S08,P153,8.225806451612904,401.57142857142856,0.0,91610.49,Frozen
S08,P154,3.5357142857142856,470.40909090909093,0.0,74936.1681818182,Fruits & Vegetables
S08,P155,4.928571428571429,477.5238095238095,0.0,19506.847619047618,Beverages
S08,P156,13.161290322580646,472.3478260869565,0.0,58084.61217391305,Snacks
S08,P157,7.129032258064516,328.0,0.0,25669.280000000002,Staples
S08,P158,22.774193548387096,428.0952380952381,0.0,46037.36190476191,Personal Care
S08,P159,26.451612903225808,402.82608695652175,0.0,27214.93043478261,Household
S08,P160,1.5714285714285714,525.0,0.0,5780.25,Dairy
S08,P161,14.03225806451613,447.0416666666667,0.0,67172.48083333332,Household
S08,P162,1.5,434.75,0.0,22328.760000000002,Frozen
S08,P163,17.64516129032258,426.2916666666667,0.0,22576.406666666666,Fruits & Vegetables
S08,P164,4.5,367.42105263157896,0.0,58346.46315789474,Beverages
S08,P165,1.6,449.875,0.0,27185.94625,Snacks
S08,P166,6.827586206896552,323.75,0.0,12153.575,Staples
S08,P167,2.466666666666667,458.15384615384613,0.0,41815.70153846154,Personal Care
S08,P168,2.35,472.93333333333334,0.0,11128.121333333334,Household
S08,P169,6.967741935483871,441.88461538461536,0.0,44541.96923076923,Dairy
S08,P170,2.1538461538461537,404.7,0.0,10331.991,Bakery
S08,P171,4.178571428571429,414.8,0.0,118719.90799999998,Frozen
S08,P172,6.222222222222222,484.25,0.0,186426.565,Fruits & Vegetables
S08,P173,2.2222222222222223,383.72727272727275,0.0,16339.107272727271,Beverages
S08,P174,3.0454545454545454,441.2,0.0,15437.588,Snacks
S08,P175,3.15,399.52941176470586,0.0,29816.879999999997,Staples
S08,P176,24.806451612903224,407.3333333333333,0.0,14244.446666666665,Personal Care
S08,P177,3.7857142857142856,495.36,0.0,55420.8768,Household
S08,P178,3.25,392.4761904761905,0.0,56979.693333333336,Dairy
S08,P179,1.9285714285714286,381.25,0.0,66867.43749999999,Bakery
S08,P180,10.935483870967742,373.25,0.0,6505.7474999999995,Frozen
S08,P181,5.4,455.8,0.0,100713.56800000001,Dairy
S08,P182,2.8947368421052633,468.6666666666667,0.0,42690.846666666665,Beverages
S08,P183,47.903225806451616,473.3333333333333,0.0,13513.666666666666,Snacks
S08,P184,3.0,389.9,0.0,9041.781,Staples
S08,P185,4.5,429.40909090909093,0.0,96694.3390909091,Personal Care
S08,P186,10.064516129032258,412.25925925925924,0.0,40706.47925925926,Household
S08,P187,6.866666666666666,435.2692307692308,0.0,11125.481538461538,Dairy
S08,P188,11.612903225806452,397.3181818181818,0.0,33180.04136363637,Bakery
S08,P189,3.0,494.35714285714283,0.0,171828.6557142857,Frozen
S08,P190,4.28,389.14285714285717,0.0,252464.21142857143,Fruits & Vegetables
S08,P191,5.964285714285714,309.6,0.0,27495.576,Beverages
S08,P192,5.241379310344827,402.85,0.0,170659.3455,Snacks
S08,P193,9.580645161290322,441.95454545454544,0.0,106038.1540909091,Staples
S08,P194,4.366666666666666,376.7083333333333,0.0,14793.336250000002,Personal Care
S08,P195,10.64516129032258,425.4642857142857,0.0,14691.281785714285,Household
S08,P196,5.774193548387097,481.9655172413793,0.0,63127.84344827586,Dairy
S08,P197,4.653846153846154,452.3,0.0,17096.94,Bakery
S08,P198,5.0,383.22727272727275,0.0,37954.829090909094,Frozen
S08,P199,23.0,446.625,0.0,99043.56,Fruits & Vegetables
S08,P200,12.387096774193548,413.6,0.0,131942.536,Beverages
S08,P201,21.29032258064516,567.1052631578947,0.0,98670.6447368421,Snacks
S08,P202,2.3,632.5714285714286,0.0,140380.25142857144,Staples
S08,P203,1.7272727272727273,299.22222222222223,0.0,43420.13666666667,Personal Care
S08,P204,2.9,346.7,0.0,39069.623,Household
S08,P205,2.2083333333333335,406.94117647058823,0.0,92509.93764705883,Dairy
S08,P206,3.6,361.0,0.0,4595.53,Bakery
S08,P207,1.5714285714285714,387.8,0.0,8562.624,Frozen
S08,P208,3.5238095238095237,439.4166666666667,0.0,73312.27666666667,Fruits & Vegetables
S08,P209,3.75,572.3,0.0,15526.499,Beverages
S08,P210,2.4166666666666665,418.3636363636364,0.0,6668.716363636364,Snacks
S08,P211,8.161290322580646,379.4230769230769,0.0,24461.405769230772,Staples
S08,P212,10.064516129032258,505.06666666666666,0.0,74254.90133333333,Personal Care
S08,P213,9.483870967741936,361.04761904761904,0.0,14813.783809523811,Household
S08,P214,2.764705882352941,363.55555555555554,0.0,4577.164444444444,Dairy
S08,P215,5.896551724137931,364.7647058823529,0.0,22290.77117647059,Bakery
S08,P216,3.8518518518518516,458.0833333333333,0.0,26486.37833333333,Frozen
S08,P217,3.0434782608695654,526.9411764705883,0.0,268761.0776470588,Fruits & Vegetables
S08,P218,5.266666666666667,420.7391304347826,0.0,251761.8808695652,Beverages
S08,P219,2.7222222222222223,458.92857142857144,0.07142857142857142,9242.82142857143,Snacks
S08,P220,1.7272727272727273,481.90909090909093,0.0,28885.63090909091,Staples
S09,P101,14.580645161290322,432.05,0.0,92091.4575,Beverages
S09,P102,2.6,278.625,0.0,37932.00749999999,Beverages
S09,P103,24.838709677419356,423.0833333333333,0.041666666666666664,17392.955833333333,Beverages
S09,P104,3.962962962962963,516.7391304347826,0.0,90367.33913043478,Personal Care
S09,P105,2.391304347826087,440.29411764705884,0.0,12455.920588235294,Household
S09,P106,2.6,360.14285714285717,0.0,45741.74428571429,Dairy
S09,P107,1.4285714285714286,507.8,0.0,168081.8,Bakery
S09,P108,2.3076923076923075,262.72727272727275,0.0,112710.0,Frozen
S09,P109,5.0,508.7083333333333,0.0,315383.9054166667,Fruits & Vegetables
S09,P110,118.25806451612904,466.61538461538464,0.0,23433.424615384618,Beverages
S09,P111,6.8,402.54545454545456,0.0,10095.839999999998,Snacks
S09,P112,3.1666666666666665,387.6,0.0,172462.62,Staples
S09,P113,4.6,453.1333333333333,0.0,22792.606666666667,Personal Care
S09,P114,5.0,354.625,0.0,54825.024999999994,Household
S09,P115,2.642857142857143,374.2,0.0,18073.86,Dairy
S09,P116,4.074074074074074,505.5,0.0,21407.925,Bakery
S09,P117,3.25,242.33333333333334,0.0,98035.95,Frozen
S09,P118,3.0588235294117645,720.6666666666666,0.0,140501.17333333334,Fruits & Vegetables
S09,P119,3.1739130434782608,286.6666666666667,0.0,19610.866666666665,Beverages
S09,P120,3.5185185185185186,339.4,0.0,25679.004,Snacks
S09,P121,2.619047619047619,437.5625,0.0,60891.197499999995,Snacks
S09,P122,3.5,359.55,0.0,42347.799,Personal Care
S09,P123,17.322580645161292,331.7,0.0,26005.280000000002,Household
S09,P124,9.064516129032258,528.7058823529412,0.0,262486.6094117647,Dairy
S09,P125,3.4,443.52941176470586,0.058823529411764705,176529.14117647058,Bakery
S09,P126,10.419354838709678,504.3636363636364,0.0,8579.225454545456,Frozen
S09,P127,22.580645161290324,294.25,0.0,13938.6225,Fruits & Vegetables
S09,P128,5.217391304347826,461.3529411764706,0.0,21337.573529411766,Beverages
S09,P129,18.0,464.2692307692308,0.0,132948.13692307693,Snacks
S09,P130,27.838709677419356,427.2,0.0,21471.071999999996,Staples
S09,P131,15.903225806451612,516.8,0.0,46351.792,Personal Care
S09,P132,7.67741935483871,396.75,0.0,23808.9675,Household
S09,P133,33.58064516129032,415.8181818181818,0.0,55827.74909090909,Dairy
S09,P134,13.0,464.0,0.0,131813.12,Bakery
S09,P135,6.806451612903226,372.9047619047619,0.0,53847.44761904763,Frozen
S09,P136,1.8461538461538463,522.0,0.0,23161.14,Staples
S09,P137,12.903225806451612,418.96153846153845,0.0,17914.795384615383,Beverages
S09,P138,6.933333333333334,466.04545454545456,0.0,154824.96045454545,Snacks
S09,P139,3.0,386.0769230769231,0.0,57575.651538461534,Staples
S09,P140,4.833333333333333,402.4117647058824,0.0,205415.1094117647,Personal Care
S09,P141,3.4074074074074074,361.59090909090907,0.0,189607.42500000002,Household
S09,P142,2.3529411764705883,450.0,0.0,8050.5,Dairy
S09,P143,7.0,421.8421052631579,0.0,8002.344736842105,Bakery
S09,P144,6.137931034482759,511.04347826086956,0.0,36100.111304347825,Frozen
S09,P145,4.074074074074074,530.6818181818181,0.0,217956.32954545456,Fruits & Vegetables
S09,P146,9.516129032258064,393.23809523809524,0.0,118569.15047619047,Beverages
S09,P147,6.066666666666666,377.84,0.0,33472.8456,Snacks
S09,P148,3.4285714285714284,366.8888888888889,0.0,15449.691111111111,Staples
S09,P149,3.6153846153846154,383.5238095238095,0.047619047619047616,121469.66095238097,Personal Care
S09,P150,3.3636363636363638,464.6,0.0,10565.003999999999,Household
S09,P151,3.3157894736842106,328.45454545454544,0.0,28237.23727272727,Dairy
S09,P152,10.935483870967742,460.0833333333333,0.0,14869.893333333333,Bakery
S09,P153,8.258064516129032,324.72,0.0,74078.3736,Frozen
S09,P154,3.5555555555555554,450.6363636363636,0.0,71786.37272727274,Fruits & Vegetables
S09,P155,4.576923076923077,286.2352941176471,0.0,11692.711764705882,Beverages
S09,P156,13.064516129032258,419.1904761904762,0.0,51547.852857142854,Snacks
S09,P157,6.133333333333334,416.04545454545456,0.0,32559.717272727274,Staples
S09,P158,25.161290322580644,379.6666666666667,0.0,40829.35333333334,Personal Care
S09,P159,26.387096774193548,522.76,0.0,35317.6656,Household
S09,P160,2.75,358.85714285714283,0.0,3951.0171428571425,Dairy
S09,P161,16.548387096774192,405.2083333333333,0.0,60886.604166666664,Household
S09,P162,2.3333333333333335,226.66666666666666,0.0,11641.6,Frozen
S09,P163,17.032258064516128,437.2083333333333,0.0,23154.553333333333,Fruits & Vegetables
S09,P164,4.466666666666667,513.8333333333334,0.0,81596.73333333334,Beverages
S09,P165,1.8888888888888888,413.8333333333333,0.0,25007.948333333334,Snacks
S09,P166,7.0344827586206895,495.0769230769231,0.0,18585.187692307692,Staples
S09,P167,3.8,587.5714285714286,0.0,53627.64428571429,Personal Care
S09,P168,2.727272727272727,571.2666666666667,0.0,13441.904666666667,Household
S09,P169,6.758620689655173,370.7142857142857,0.0,37368.0,Dairy
S09,P170,1.6363636363636365,376.77777777777777,0.0,9619.136666666667,Bakery
S09,P171,5.275862068965517,602.6666666666666,0.0,172489.22666666665,Frozen
S09,P172,4.0,380.85714285714283,0.0,146622.38285714286,Fruits & Vegetables
S09,P173,2.25,494.625,0.0,21061.1325,Beverages
S09,P174,1.9333333333333333,366.2307692307692,0.0,12814.414615384616,Snacks
S09,P175,2.736842105263158,501.4375,0.0,37422.280625,Staples
S09,P176,24.64516129032258,343.3333333333333,0.0,12006.366666666665,Personal Care
S09,P177,4.321428571428571,486.36842105263156,0.0,54414.89894736842,Household
S09,P178,3.142857142857143,491.63157894736844,0.0,71375.07263157895,Dairy
S09,P179,2.230769230769231,542.6,0.0,95166.61399999999,Bakery
S09,P180,13.387096774193548,396.2,0.0,6905.766,Frozen
S09,P181,6.241379310344827,437.0,0.0,96559.52,Dairy
S09,P182,4.0,419.52941176470586,0.0,38214.93411764706,Beverages
S09,P183,46.29032258064516,504.4583333333333,0.0,14402.285416666666,Snacks
S09,P184,2.5714285714285716,321.09090909090907,0.0,7446.098181818182,Staples
S09,P185,4.321428571428571,447.3,0.0,100723.014,Personal Care
S09,P186,10.96774193548387,446.44444444444446,0.0,44081.92444444444,Household
S09,P187,5.758620689655173,412.35,0.0,10539.666000000001,Dairy
S09,P188,12.96774193548387,436.037037037037,0.0,36413.45296296297,Bakery
S09,P189,2.6315789473684212,439.2307692307692,0.0,152667.8307692308,Frozen
S09,P190,3.44,435.45,0.0,282506.8965,Fruits & Vegetables
S09,P191,4.866666666666666,441.4761904761905,0.0,39207.50047619048,Beverages
S09,P192,4.346153846153846,384.0,0.0,162673.92,Snacks
S09,P193,8.096774193548388,460.48,0.0,110482.9664,Staples
S09,P194,4.9,351.2857142857143,0.0,13794.990000000002,Personal Care
S09,P195,10.419354838709678,481.7916666666667,0.0,16636.26625,Household
S09,P196,6.517241379310345,484.42857142857144,0.0,63450.45428571427,Dairy
S09,P197,3.75,480.3,0.0,18155.34,Bakery
S09,P198,6.666666666666667,479.2631578947368,0.0,47466.22315789474,Frozen
S09,P199,20.193548387096776,337.95,0.0,74943.79199999999,Fruits & Vegetables
S09,P200,12.387096774193548,403.2173913043478,0.0,128630.37999999999,Beverages
S09,P201,19.93548387096774,559.2083333333334,0.0,97296.65791666666,Snacks
S09,P202,3.857142857142857,407.8,0.0,90498.976,Staples
S09,P203,2.090909090909091,486.0,0.0,70523.46,Personal Care
S09,P204,2.4615384615384617,428.5,0.0,48287.665,Household
S09,P205,4.521739130434782,485.1875,0.0,110297.674375,Dairy
S09,P206,1.9285714285714286,457.1666666666667,0.0,5819.731666666667,Bakery
S09,P207,2.142857142857143,421.0,0.0,9295.68,Frozen
S09,P208,2.4782608695652173,333.3888888888889,0.0,55622.602222222224,Fruits & Vegetables
S09,P209,3.0,564.0,0.0,15301.32,Beverages
S09,P210,2.0,529.4,0.0,8438.635999999999,Snacks
S09,P211,7.8,402.17391304347825,0.0,25928.152173913044,Staples
S09,P212,11.483870967741936,468.84615384615387,0.0,68929.76153846153,Personal Care
S09,P213,10.580645161290322,408.2916666666667,0.0,16752.207083333335,Household
S09,P214,4.0,293.8333333333333,0.0,3699.361666666667,Dairy
S09,P215,6.068965517241379,499.95,0.0,30551.9445,Bakery
S09,P216,4.407407407407407,414.55555555555554,0.0,23969.60222222222,Frozen
S09,P217,2.727272727272727,466.57894736842104,0.0,237973.92631578946,Fruits & Vegetables
S09,P218,5.233333333333333,547.0555555555555,0.0,327347.1033333333,Beverages
S09,P219,1.9333333333333333,385.77777777777777,0.0,7769.564444444444,Snacks
S09,P220,1.8333333333333333,490.1111111111111,0.0,29377.259999999995,Staples
S10,P101,14.387096774193548,499.38461538461536,0.0,106443.83076923077,Beverages
S10,P102,3.125,510.0,0.0,69431.4,Beverages
S10,P103,25.161290322580644,522.6153846153846,0.0,21484.718461538458,Beverages
S10,P104,3.36,376.77777777777777,0.0,65890.89777777778,Personal Care
S10,P105,2.9473684210526314,325.2,0.0,9199.908,Household
S10,P106,1.4,546.5,0.0,69410.96500000001,Dairy
S10,P107,2.5,257.3333333333333,0.0,85177.33333333333,Bakery
S10,P108,2.5,362.8,0.0,155641.2,Frozen
S10,P109,5.275862068965517,510.2608695652174,0.0,316346.4313043478,Fruits & Vegetables
S10,P110,113.61290322580645,519.4090909090909,0.0,26084.724545454545,Beverages
S10,P111,6.709677419354839,383.39130434782606,0.0,9615.453913043479,Snacks
S10,P112,3.5555555555555554,411.85714285714283,0.0,183255.83571428573,Staples
S10,P113,4.117647058823529,268.3333333333333,0.0,13497.166666666666,Personal Care
S10,P114,4.344827586206897,417.7894736842105,0.0,64590.25263157895,Household
S10,P115,2.3846153846153846,488.3333333333333,0.0,23586.499999999996,Dairy
S10,P116,4.48,227.0,0.0,9613.449999999999,Bakery
S10,P117,3.72,361.25,0.0,146143.6875,Frozen
S10,P118,3.4285714285714284,393.0,0.0,76619.28,Fruits & Vegetables
S10,P119,3.5357142857142856,535.8,0.0,36654.078,Beverages
S10,P120,2.72,236.0,0.0,17855.76,Snacks
S10,P121,2.6,505.26666666666665,0.0,70312.90933333333,Snacks
S10,P122,4.586206896551724,498.77272727272725,0.0,58745.45181818181,Personal Care
S10,P123,19.193548387096776,400.75,0.0,31418.8,Household
S10,P124,8.548387096774194,522.7222222222222,0.0,259515.9016666667,Dairy
S10,P125,2.5652173913043477,451.3888888888889,0.0,179657.29166666666,Bakery
S10,P126,11.935483870967742,373.9130434782609,0.0,6360.260869565219,Frozen
S10,P127,23.06451612903226,375.38461538461536,0.0,17781.969230769228,Fruits & Vegetables
S10,P128,5.0,534.8095238095239,0.0,24734.940476190477,Beverages
S10,P129,14.0,341.6,0.0,97820.576,Snacks
S10,P130,28.258064516129032,332.875,0.0,16730.2975,Staples
S10,P131,18.903225806451612,332.2916666666667,0.0,29803.239583333332,Personal Care
S10,P132,7.0,458.36842105263156,0.0,27506.68894736842,Household
S10,P133,37.58064516129032,513.3478260869565,0.0,68922.07913043478,Dairy
S10,P134,14.161290322580646,458.962962962963,0.0,130382.19851851852,Bakery
S10,P135,6.666666666666667,327.9259259259259,0.0,47352.503703703704,Frozen
S10,P136,2.2,491.6666666666667,0.0,21815.249999999996,Staples
S10,P137,12.741935483870968,498.2916666666667,0.0,21306.951666666664,Beverages
S10,P138,7.580645161290323,362.40909090909093,0.0,120395.92409090909,Snacks
S10,P139,3.1904761904761907,237.92307692307693,0.0,35481.46846153846,Staples
S10,P140,3.576923076923077,354.8333333333333,0.0,181128.2233333333,Personal Care
S10,P141,4.074074074074074,439.9047619047619,0.0,230672.86,Household
S10,P142,2.588235294117647,321.6363636363636,0.0,5754.074545454546,Dairy
S10,P143,9.10344827586207,438.5652173913044,0.0,8319.582173913042,Bakery
S10,P144,5.166666666666667,419.76,0.0,29651.846400000002,Frozen
S10,P145,3.5833333333333335,408.22222222222223,0.0,167660.9488888889,Fruits & Vegetables
S10,P146,8.419354838709678,455.0,0.0,137191.59999999998,Beverages
S10,P147,5.275862068965517,425.6842105263158,0.0,37711.36421052632,Snacks
S10,P148,2.8666666666666667,393.125,0.0,16554.49375,Staples
S10,P149,4.958333333333333,419.94117647058823,0.0,133003.76941176472,Personal Care
S10,P150,3.45,394.6875,0.0,8975.19375,Household
S10,P151,2.5238095238095237,522.3333333333334,0.0,44904.996666666666,Dairy
S10,P152,11.129032258064516,356.9583333333333,0.0,11536.893333333333,Bakery
S10,P153,8.266666666666667,430.90909090909093,0.0,98303.29090909091,Frozen
S10,P154,4.2631578947368425,441.25,0.0,70291.125,Fruits & Vegetables
S10,P155,4.8076923076923075,418.1818181818182,0.0,17082.727272727272,Beverages
S10,P156,12.03225806451613,378.75,0.0,46574.8875,Snacks
S10,P157,6.25,438.85,0.0,34344.401,Staples
S10,P158,22.580645161290324,452.5,0.0,48661.85,Personal Care
S10,P159,26.548387096774192,393.0,0.0,26551.08,Household
S10,P160,4.2,718.2,0.0,7907.382,Dairy
S10,P161,16.516129032258064,420.2307692307692,0.0,63143.875384615385,Household
S10,P162,3.3333333333333335,69.5,0.0,3569.52,Frozen
S10,P163,16.29032258064516,470.4347826086956,0.0,24914.226086956518,Fruits & Vegetables
S10,P164,4.148148148148148,441.8,0.05,70157.84,Beverages
S10,P165,1.8666666666666667,455.3636363636364,0.0,27517.624545454546,Snacks
S10,P166,5.862068965517241,456.39130434782606,0.0,17132.929565217393,Staples
S10,P167,2.5,537.125,0.0,49023.39875,Personal Care
S10,P168,2.3,436.3333333333333,0.0,10266.923333333334,Household
S10,P169,7.419354838709677,398.0833333333333,0.0,40126.799999999996,Dairy
S10,P170,2.7777777777777777,469.6923076923077,0.0,11991.244615384614,Bakery
S10,P171,5.107142857142857,412.3181818181818,0.0,118009.58681818181,Frozen
S10,P172,4.555555555555555,480.6190476190476,0.0,185028.72095238097,Fruits & Vegetables
S10,P173,2.3076923076923075,266.44444444444446,0.0,11345.204444444444,Beverages
S10,P174,1.8461538461538463,399.8888888888889,0.0,13992.112222222224,Snacks
S10,P175,3.2222222222222223,443.9,0.0,33128.257,Staples
S10,P176,24.193548387096776,472.11538461538464,0.038461538461538464,16509.875,Personal Care
S10,P177,4.185185185185185,487.95454545454544,0.045454545454545456,54592.354545454546,Household
S10,P178,3.6666666666666665,383.10526315789474,0.0,55619.22210526316,Dairy
S10,P179,2.1578947368421053,390.0,0.0,68402.1,Bakery
S10,P180,12.64516129032258,387.22727272727275,0.0,6749.371363636363,Frozen
S10,P181,5.428571428571429,389.8636363636364,0.0,86144.2690909091,Dairy
S10,P182,2.9545454545454546,384.8666666666667,0.0,35057.50466666667,Beverages
S10,P183,48.41935483870968,481.04347826086956,0.0,13733.791304347827,Snacks
S10,P184,3.2,526.0,0.0,12197.94,Staples
S10,P185,6.703703703703703,338.7857142857143,0.0,76287.76714285715,Personal Care
S10,P186,8.290322580645162,345.1,0.0,34075.174,Household
S10,P187,7.2592592592592595,582.2777777777778,0.05555555555555555,14883.019999999999,Dairy
S10,P188,10.419354838709678,459.3,0.0,38356.143000000004,Bakery
S10,P189,3.8181818181818183,391.44444444444446,0.0,136058.25999999998,Frozen
S10,P190,3.2,373.5,0.0,242315.595,Fruits & Vegetables
S10,P191,5.785714285714286,470.54545454545456,0.0,41789.141818181815,Beverages
S10,P192,4.392857142857143,410.95454545454544,0.0,174092.6740909091,Snacks
S10,P193,7.935483870967742,362.11538461538464,0.0,86882.34423076923,Staples
S10,P194,4.464285714285714,406.04545454545456,0.0,15945.405,Personal Care
S10,P195,10.35483870967742,560.125,0.0,19341.11625,Household
S10,P196,5.142857142857143,526.2222222222222,0.0,68924.58666666666,Dairy
S10,P197,4.333333333333333,311.1904761904762,0.0,11762.999999999998,Bakery
S10,P198,4.344827586206897,346.5652173913044,0.0,34323.819130434786,Frozen
S10,P199,19.129032258064516,415.6521739130435,0.0,92175.02608695652,Fruits & Vegetables
S10,P200,10.580645161290322,481.39285714285717,0.0,153569.13535714286,Beverages
S10,P201,21.741935483870968,448.375,0.0,78012.76625,Snacks
S10,P202,1.75,380.42857142857144,0.0,84424.70857142856,Staples
S10,P203,3.0,460.125,0.0,66768.73875,Personal Care
S10,P204,2.0714285714285716,320.72727272727275,0.0,36142.75636363636,Household
S10,P205,2.9565217391304346,428.0,0.0,97297.24,Dairy
S10,P206,2.3125,357.5,0.0,4550.975,Bakery
S10,P207,1.7142857142857142,481.85714285714283,0.0,10639.405714285715,Frozen
S10,P208,3.473684210526316,443.8235294117647,0.0,74047.51764705882,Fruits & Vegetables
S10,P209,2.0,347.0,0.0,9414.109999999999,Beverages
S10,P210,2.4,493.25,0.0,7862.405,Snacks
S10,P211,8.806451612903226,431.625,0.0,27826.86375,Staples
S10,P212,12.5,373.5217391304348,0.0,54915.166086956524,Personal Care
S10,P213,10.32258064516129,450.2,0.0,18471.706000000002,Household
S10,P214,3.5,453.07142857142856,0.0,5704.169285714285,Dairy
S10,P215,6.633333333333334,435.5263157894737,0.0,26615.013157894737,Bakery
S10,P216,3.72,478.82608695652175,0.043478260869565216,27685.72434782609,Frozen
S10,P217,2.5,566.6153846153846,0.0,288996.5107692308,Fruits & Vegetables
S10,P218,5.862068965517241,356.3478260869565,0.0,213231.41217391306,Beverages
S10,P219,2.7058823529411766,478.8,0.0,9643.032000000001,Snacks
S10,P220,2.5714285714285716,451.53846153846155,0.0,27065.215384615385,Staples
