store_id,store_type,revenue,units_sold,observations,stockout_rate,average_inventory,demand_volatility
S01,Supermarket,4913967.0,28570,2927,0.00046816479400749064,433.2237827715356,14.334026563810832
S02,Hypermarket,5394211.5,29512,2909,0.0014367816091954023,440.29358237547893,14.970153498691658
S03,Express,4698522.5,28280,2888,0.003829583532790809,427.60028721876495,14.380274397327307
S04,Supermarket,4867779.5,28755,2906,0.00047281323877068556,432.55886524822694,14.586804550797364
S05,Hypermarket,5044181.0,29638,2930,0.0018788163457022077,418.87036167214654,14.685051483346195
S06,Supermarket,4868869.5,28946,2870,0.0009666505558240696,430.13533107781535,14.802509776148003
S07,Express,4705806.5,28208,2907,0.0009638554216867469,451.2853012048193,14.534914119505627
S08,Supermarket,4969171.0,29348,2929,0.001415762151958471,428.5861255309108,15.333060680247842
S09,Hypermarket,4842162.0,28889,2917,0.0014218009478672985,433.71469194312795,14.735713952488506
S10,Supermarket,4763302.5,28615,2896,0.002405002405002405,426.86099086099085,14.4485974746161
