supplier_id,products,mean_lead_days,stockout_rate,inventory_value,observations
SUP01,4,3.770358306188925,0.0,51739308.46,824
SUP02,4,3.7848324514991183,0.001763668430335097,46264708.18,727
SUP03,4,3.551388888888889,0.001388888888888889,47741854.18,957
SUP04,4,3.553299492385787,0.0,28836176.13,790
SUP05,4,3.671232876712329,0.0017123287671232876,51492204.64,756
SUP06,4,3.6954177897574123,0.0013477088948787063,58161109.95,1001
SUP07,4,3.699836867862969,0.0016313213703099511,33153411.39,823
SUP08,4,3.7487113402061856,0.001288659793814433,36853410.06,1012
SUP09,4,3.744956772334294,0.002881844380403458,81657971.16,907
SUP10,4,3.680826636050517,0.001148105625717566,50500215.47,1178
SUP11,4,3.7630979498861046,0.002277904328018223,56990146.62,1167
SUP12,4,3.6162246489859595,0.0,80442139.72,902
SUP13,4,3.7838926174496645,0.004026845637583893,66636692.26,1001
SUP14,4,3.6483180428134556,0.0030581039755351682,44728172.86,886
SUP15,4,3.7160493827160495,0.0,25344902.46,759
SUP16,2,3.601503759398496,0.0,10240376.03,580
SUP17,3,3.6437246963562755,0.0020242914979757085,10115262.58,849
SUP18,3,3.683651804670913,0.0,31585750.03,840
SUP19,3,3.640826873385013,0.002583979328165375,41040462.97,689
SUP20,3,3.5669099756690996,0.004866180048661801,50147490.86,767
SUP21,3,3.805,0.001669449081803005,28118861.36,785
SUP22,3,3.562204724409449,0.0,57167740.75,860
SUP23,3,3.7054491899852726,0.0,42736641.410000004,929
SUP24,3,3.6112759643916914,0.0,58363813.59,909
SUP25,3,3.8315098468271334,0.006564551422319475,33060028.08,607
SUP26,3,3.7583697234352256,0.002911208151382824,29440665.27,908
SUP27,3,3.557823129251701,0.0,7995352.35,593
SUP28,3,3.682888540031397,0.0015698587127158557,17650318.59,839
SUP29,3,3.7109375,0.0015625,61588795.120000005,880
SUP30,3,3.6483126110124333,0.003552397868561279,42501332.879999995,730
SUP31,3,3.665171898355755,0.0,29913240.69,909
SUP32,3,3.8663101604278074,0.0,14505252.7,503
SUP33,3,3.7250554323725056,0.0,19558627.91,613
SUP34,3,3.707317073170732,0.0,43173170.43,748
SUP35,3,3.6103092783505155,0.004123711340206186,30286080.43,638
SUP999,1,3.7468354430379747,0.0,5786296.82,213
