weekend_flag,category,mean_demand,total_demand,observations
False,Bakery,7.153556034482759,13277,1856
False,Beverages,16.685610200364298,45802,2745
False,Dairy,8.196270396270396,17581,2145
False,Frozen,6.3454633672974285,13078,2061
False,Fruits & Vegetables,9.44381443298969,18321,1940
False,Household,9.533174413984902,23995,2517
False,Personal Care,9.501752848378615,21683,2282
False,Snacks,11.821350762527233,27130,2295
False,Staples,7.72094298245614,14083,1824
True,Bakery,7.420158550396376,6552,883
True,Beverages,16.470098410295233,21757,1321
True,Dairy,8.255481410867493,8660,1049
True,Frozen,6.621951219512195,6516,984
True,Fruits & Vegetables,9.359526372443488,8695,929
True,Household,9.54567901234568,11598,1215
True,Personal Care,9.53339517625232,10277,1078
True,Snacks,12.064695009242143,13054,1082
True,Staples,7.676975945017182,6702,873
