weekend_flag,store_id,mean_demand,total_demand,observations
False,S01,9.763663967611336,19293,1976
False,S02,9.982810920121334,19746,1978
False,S03,9.817154596815614,19114,1947
False,S04,9.814096016343207,19216,1958
False,S05,9.999493670886077,19749,1975
False,S06,9.917520491803279,19359,1952
False,S07,9.895461499235084,19405,1961
False,S08,10.116675012518778,20203,1997
False,S09,9.869234668018246,19472,1973
False,S10,9.955338809034908,19393,1948
True,S01,9.754994742376446,9277,951
True,S02,10.489795918367347,9766,931
True,S03,9.740701381509034,9166,941
True,S04,10.06223628691983,9539,948
True,S05,10.354973821989528,9889,955
True,S06,10.443355119825709,9587,918
True,S07,9.305496828752643,8803,946
True,S08,9.812231759656653,9145,932
True,S09,9.975635593220339,9417,944
True,S10,9.727848101265822,9222,948
