week,store_id,demand,revenue
2026-07-27/2026-08-02,S01,1712,304531.0
2026-07-27/2026-08-02,S02,1951,318334.5
2026-07-27/2026-08-02,S03,1765,293844.5
2026-07-27/2026-08-02,S04,1845,315397.0
2026-07-27/2026-08-02,S05,2023,367849.5
2026-07-27/2026-08-02,S06,1784,310206.0
2026-07-27/2026-08-02,S07,1707,289445.0
2026-07-27/2026-08-02,S08,1629,272671.0
2026-07-27/2026-08-02,S09,1975,334506.5
2026-07-27/2026-08-02,S10,1769,297377.0
2026-08-03/2026-08-09,S01,6528,1130218.5
2026-08-03/2026-08-09,S02,6342,1457209.5
2026-08-03/2026-08-09,S03,6266,1057860.0
2026-08-03/2026-08-09,S04,6402,1057268.0
2026-08-03/2026-08-09,S05,6967,1161979.5
2026-08-03/2026-08-09,S06,6407,1111816.5
2026-08-03/2026-08-09,S07,6608,1124328.0
2026-08-03/2026-08-09,S08,6691,1126936.0
2026-08-03/2026-08-09,S09,6569,1073031.5
2026-08-03/2026-08-09,S10,6878,1128892.5
2026-08-10/2026-08-16,S01,6575,1132698.0
2026-08-10/2026-08-16,S02,6965,1206464.0
2026-08-10/2026-08-16,S03,6157,1038308.5
2026-08-10/2026-08-16,S04,6664,1136259.5
2026-08-10/2026-08-16,S05,6623,1115189.5
2026-08-10/2026-08-16,S06,6322,1049936.5
2026-08-10/2026-08-16,S07,6256,1035343.0
2026-08-10/2026-08-16,S08,6987,1198817.0
2026-08-10/2026-08-16,S09,6376,1081656.0
2026-08-10/2026-08-16,S10,6102,1020379.0
2026-08-17/2026-08-23,S01,6496,1130362.0
2026-08-17/2026-08-23,S02,6651,1097293.0
2026-08-17/2026-08-23,S03,6436,1076011.5
2026-08-17/2026-08-23,S04,6627,1125689.0
2026-08-17/2026-08-23,S05,6658,1163168.0
2026-08-17/2026-08-23,S06,6832,1135588.0
2026-08-17/2026-08-23,S07,6419,1038096.0
2026-08-17/2026-08-23,S08,6368,1056705.0
2026-08-17/2026-08-23,S09,6727,1102780.5
2026-08-17/2026-08-23,S10,6470,1076807.5
2026-08-24/2026-08-30,S01,6221,1062993.5
2026-08-24/2026-08-30,S02,6686,1152639.5
2026-08-24/2026-08-30,S03,6775,1090261.0
2026-08-24/2026-08-30,S04,6363,1092172.5
2026-08-24/2026-08-30,S05,6372,1064266.0
2026-08-24/2026-08-30,S06,6682,1109258.0
2026-08-24/2026-08-30,S07,6302,1058539.5
2026-08-24/2026-08-30,S08,6631,1142668.0
2026-08-24/2026-08-30,S09,6408,1107046.0
2026-08-24/2026-08-30,S10,6519,1093505.5
2026-08-31/2026-09-06,S01,1038,153164.0
2026-08-31/2026-09-06,S02,917,162271.0
2026-08-31/2026-09-06,S03,881,142237.0
2026-08-31/2026-09-06,S04,854,140993.5
2026-08-31/2026-09-06,S05,995,171728.5
2026-08-31/2026-09-06,S06,919,152064.5
2026-08-31/2026-09-06,S07,916,160055.0
2026-08-31/2026-09-06,S08,1042,171374.0
2026-08-31/2026-09-06,S09,834,143141.5
2026-08-31/2026-09-06,S10,877,146341.0
